ISO-10303-21;
HEADER;
FILE_DESCRIPTION(('KiCad electronic assembly'),'2;1');
FILE_NAME('.step','2026-08-01T18:50:02',('Pcbnew'),('Kicad'),
  'Open CASCADE STEP processor 7.9','KiCad to STEP converter','Unknown'
  );
FILE_SCHEMA(('AUTOMOTIVE_DESIGN { 1 0 10303 214 1 1 1 1 }'));
ENDSEC;
DATA;
#1 = APPLICATION_PROTOCOL_DEFINITION('international standard',
  'automotive_design',2000,#2);
#2 = APPLICATION_CONTEXT(
  'core data for automotive mechanical design processes');
#3 = SHAPE_DEFINITION_REPRESENTATION(#4,#10);
#4 = PRODUCT_DEFINITION_SHAPE('','',#5);
#5 = PRODUCT_DEFINITION('design','',#6,#9);
#6 = PRODUCT_DEFINITION_FORMATION('','',#7);
#7 = PRODUCT('.step 1','.step 1','',(#8));
#8 = PRODUCT_CONTEXT('',#2,'mechanical');
#9 = PRODUCT_DEFINITION_CONTEXT('part definition',#2,'design');
#10 = SHAPE_REPRESENTATION('',(#11,#15),#19);
#11 = AXIS2_PLACEMENT_3D('',#12,#13,#14);
#12 = CARTESIAN_POINT('',(0.,0.,0.));
#13 = DIRECTION('',(0.,0.,1.));
#14 = DIRECTION('',(1.,0.,-0.));
#15 = AXIS2_PLACEMENT_3D('',#16,#17,#18);
#16 = CARTESIAN_POINT('',(0.,0.,0.));
#17 = DIRECTION('',(0.,0.,1.));
#18 = DIRECTION('',(1.,0.,-0.));
#19 = ( GEOMETRIC_REPRESENTATION_CONTEXT(3) 
GLOBAL_UNCERTAINTY_ASSIGNED_CONTEXT((#23)) GLOBAL_UNIT_ASSIGNED_CONTEXT(
(#20,#21,#22)) REPRESENTATION_CONTEXT('Context #1',
  '3D Context with UNIT and UNCERTAINTY') );
#20 = ( LENGTH_UNIT() NAMED_UNIT(*) SI_UNIT(.MILLI.,.METRE.) );
#21 = ( NAMED_UNIT(*) PLANE_ANGLE_UNIT() SI_UNIT($,.RADIAN.) );
#22 = ( NAMED_UNIT(*) SI_UNIT($,.STERADIAN.) SOLID_ANGLE_UNIT() );
#23 = UNCERTAINTY_MEASURE_WITH_UNIT(LENGTH_MEASURE(1.E-07),#20,
  'distance_accuracy_value','confusion accuracy');
#24 = PRODUCT_RELATED_PRODUCT_CATEGORY('part',$,(#7));
#25 = SHAPE_DEFINITION_REPRESENTATION(#26,#32);
#26 = PRODUCT_DEFINITION_SHAPE('','',#27);
#27 = PRODUCT_DEFINITION('design','',#28,#31);
#28 = PRODUCT_DEFINITION_FORMATION('','',#29);
#29 = PRODUCT('SL_ADC_DE10Lite_PCB','SL_ADC_DE10Lite_PCB','',(#30));
#30 = PRODUCT_CONTEXT('',#2,'mechanical');
#31 = PRODUCT_DEFINITION_CONTEXT('part definition',#2,'design');
#32 = ADVANCED_BREP_SHAPE_REPRESENTATION('',(#11,#33),#5177);
#33 = MANIFOLD_SOLID_BREP('',#34);
#34 = CLOSED_SHELL('',(#35,#77,#108,#139,#1530,#2921,#2938,#2955,#2972,
    #2989,#3006,#3023,#3040,#3057,#3074,#3091,#3108,#3125,#3142,#3159,
    #3176,#3193,#3210,#3227,#3244,#3261,#3278,#3295,#3312,#3329,#3346,
    #3363,#3380,#3397,#3414,#3431,#3448,#3460,#3477,#3494,#3511,#3528,
    #3545,#3562,#3579,#3596,#3613,#3630,#3647,#3664,#3681,#3698,#3715,
    #3732,#3749,#3766,#3783,#3800,#3817,#3834,#3851,#3868,#3885,#3902,
    #3919,#3936,#3953,#3970,#3987,#4004,#4021,#4038,#4055,#4072,#4089,
    #4106,#4123,#4140,#4157,#4174,#4191,#4208,#4225,#4242,#4259,#4276,
    #4293,#4310,#4327,#4344,#4361,#4378,#4395,#4412,#4429,#4446,#4463,
    #4480,#4497,#4514,#4531,#4548,#4565,#4582,#4599,#4616,#4633,#4650,
    #4667,#4684,#4701,#4718,#4735,#4752,#4769,#4786,#4803,#4820,#4837,
    #4854,#4871,#4888,#4905,#4922,#4939,#4956,#4973,#4990,#5007,#5024,
    #5041,#5058,#5075,#5092,#5109,#5126,#5143,#5160));
#35 = ADVANCED_FACE('',(#36),#72,.T.);
#36 = FACE_BOUND('',#37,.T.);
#37 = EDGE_LOOP('',(#38,#48,#57,#65));
#38 = ORIENTED_EDGE('',*,*,#39,.T.);
#39 = EDGE_CURVE('',#40,#42,#44,.T.);
#40 = VERTEX_POINT('',#41);
#41 = CARTESIAN_POINT('',(94.,0.5,0.));
#42 = VERTEX_POINT('',#43);
#43 = CARTESIAN_POINT('',(94.,0.5,1.51));
#44 = LINE('',#45,#46);
#45 = CARTESIAN_POINT('',(94.,0.5,0.));
#46 = VECTOR('',#47,1.);
#47 = DIRECTION('',(0.,0.,1.));
#48 = ORIENTED_EDGE('',*,*,#49,.T.);
#49 = EDGE_CURVE('',#42,#50,#52,.T.);
#50 = VERTEX_POINT('',#51);
#51 = CARTESIAN_POINT('',(97.5,-3.,1.51));
#52 = CIRCLE('',#53,3.499999092342);
#53 = AXIS2_PLACEMENT_3D('',#54,#55,#56);
#54 = CARTESIAN_POINT('',(94.000000907658,-2.999999092342,1.51));
#55 = DIRECTION('',(0.,0.,-1.));
#56 = DIRECTION('',(-2.593310478154E-07,1.,0.));
#57 = ORIENTED_EDGE('',*,*,#58,.F.);
#58 = EDGE_CURVE('',#59,#50,#61,.T.);
#59 = VERTEX_POINT('',#60);
#60 = CARTESIAN_POINT('',(97.5,-3.,0.));
#61 = LINE('',#62,#63);
#62 = CARTESIAN_POINT('',(97.5,-3.,0.));
#63 = VECTOR('',#64,1.);
#64 = DIRECTION('',(0.,0.,1.));
#65 = ORIENTED_EDGE('',*,*,#66,.F.);
#66 = EDGE_CURVE('',#40,#59,#67,.T.);
#67 = CIRCLE('',#68,3.499999092342);
#68 = AXIS2_PLACEMENT_3D('',#69,#70,#71);
#69 = CARTESIAN_POINT('',(94.000000907658,-2.999999092342,0.));
#70 = DIRECTION('',(0.,0.,-1.));
#71 = DIRECTION('',(-2.593310478154E-07,1.,0.));
#72 = CYLINDRICAL_SURFACE('',#73,3.499999092342);
#73 = AXIS2_PLACEMENT_3D('',#74,#75,#76);
#74 = CARTESIAN_POINT('',(94.000000907658,-2.999999092342,0.));
#75 = DIRECTION('',(0.,0.,-1.));
#76 = DIRECTION('',(-2.593310478154E-07,1.,0.));
#77 = ADVANCED_FACE('',(#78),#103,.T.);
#78 = FACE_BOUND('',#79,.T.);
#79 = EDGE_LOOP('',(#80,#90,#96,#97));
#80 = ORIENTED_EDGE('',*,*,#81,.T.);
#81 = EDGE_CURVE('',#82,#84,#86,.T.);
#82 = VERTEX_POINT('',#83);
#83 = CARTESIAN_POINT('',(3.,0.5,0.));
#84 = VERTEX_POINT('',#85);
#85 = CARTESIAN_POINT('',(3.,0.5,1.51));
#86 = LINE('',#87,#88);
#87 = CARTESIAN_POINT('',(3.,0.5,0.));
#88 = VECTOR('',#89,1.);
#89 = DIRECTION('',(0.,0.,1.));
#90 = ORIENTED_EDGE('',*,*,#91,.T.);
#91 = EDGE_CURVE('',#84,#42,#92,.T.);
#92 = LINE('',#93,#94);
#93 = CARTESIAN_POINT('',(3.,0.5,1.51));
#94 = VECTOR('',#95,1.);
#95 = DIRECTION('',(1.,0.,0.));
#96 = ORIENTED_EDGE('',*,*,#39,.F.);
#97 = ORIENTED_EDGE('',*,*,#98,.F.);
#98 = EDGE_CURVE('',#82,#40,#99,.T.);
#99 = LINE('',#100,#101);
#100 = CARTESIAN_POINT('',(3.,0.5,0.));
#101 = VECTOR('',#102,1.);
#102 = DIRECTION('',(1.,0.,0.));
#103 = PLANE('',#104);
#104 = AXIS2_PLACEMENT_3D('',#105,#106,#107);
#105 = CARTESIAN_POINT('',(3.,0.5,0.));
#106 = DIRECTION('',(0.,1.,0.));
#107 = DIRECTION('',(1.,0.,0.));
#108 = ADVANCED_FACE('',(#109),#134,.T.);
#109 = FACE_BOUND('',#110,.T.);
#110 = EDGE_LOOP('',(#111,#112,#120,#128));
#111 = ORIENTED_EDGE('',*,*,#58,.T.);
#112 = ORIENTED_EDGE('',*,*,#113,.T.);
#113 = EDGE_CURVE('',#50,#114,#116,.T.);
#114 = VERTEX_POINT('',#115);
#115 = CARTESIAN_POINT('',(97.5,-4.525126,1.51));
#116 = LINE('',#117,#118);
#117 = CARTESIAN_POINT('',(97.5,-3.,1.51));
#118 = VECTOR('',#119,1.);
#119 = DIRECTION('',(0.,-1.,0.));
#120 = ORIENTED_EDGE('',*,*,#121,.F.);
#121 = EDGE_CURVE('',#122,#114,#124,.T.);
#122 = VERTEX_POINT('',#123);
#123 = CARTESIAN_POINT('',(97.5,-4.525126,0.));
#124 = LINE('',#125,#126);
#125 = CARTESIAN_POINT('',(97.5,-4.525126,0.));
#126 = VECTOR('',#127,1.);
#127 = DIRECTION('',(0.,0.,1.));
#128 = ORIENTED_EDGE('',*,*,#129,.F.);
#129 = EDGE_CURVE('',#59,#122,#130,.T.);
#130 = LINE('',#131,#132);
#131 = CARTESIAN_POINT('',(97.5,-3.,0.));
#132 = VECTOR('',#133,1.);
#133 = DIRECTION('',(0.,-1.,0.));
#134 = PLANE('',#135);
#135 = AXIS2_PLACEMENT_3D('',#136,#137,#138);
#136 = CARTESIAN_POINT('',(97.5,-3.,0.));
#137 = DIRECTION('',(1.,0.,-0.));
#138 = DIRECTION('',(0.,-1.,0.));
#139 = ADVANCED_FACE('',(#140,#414,#425,#436,#447,#458,#469,#480,#491,
    #502,#513,#524,#535,#546,#557,#568,#579,#590,#601,#612,#623,#634,
    #645,#656,#667,#678,#689,#700,#711,#722,#733,#744,#755,#766,#777,
    #788,#799,#810,#821,#832,#843,#854,#865,#876,#887,#898,#909,#920,
    #931,#942,#953,#964,#975,#986,#997,#1008,#1019,#1030,#1041,#1052,
    #1063,#1074,#1085,#1096,#1107,#1118,#1129,#1140,#1151,#1162,#1173,
    #1184,#1195,#1206,#1217,#1228,#1239,#1250,#1261,#1272,#1283,#1294,
    #1305,#1316,#1327,#1338,#1349,#1360,#1371,#1382,#1393,#1404,#1415,
    #1426,#1437,#1448,#1459,#1470,#1481,#1492,#1503,#1514),#1525,.F.);
#140 = FACE_BOUND('',#141,.F.);
#141 = EDGE_LOOP('',(#142,#143,#144,#153,#161,#170,#178,#187,#195,#204,
    #212,#221,#229,#238,#246,#254,#263,#271,#279,#288,#296,#305,#313,
    #322,#330,#339,#347,#355,#364,#372,#381,#389,#398,#406,#413));
#142 = ORIENTED_EDGE('',*,*,#66,.F.);
#143 = ORIENTED_EDGE('',*,*,#98,.F.);
#144 = ORIENTED_EDGE('',*,*,#145,.F.);
#145 = EDGE_CURVE('',#146,#82,#148,.T.);
#146 = VERTEX_POINT('',#147);
#147 = CARTESIAN_POINT('',(-0.5,-3.,0.));
#148 = CIRCLE('',#149,3.499999092342);
#149 = AXIS2_PLACEMENT_3D('',#150,#151,#152);
#150 = CARTESIAN_POINT('',(2.999999092342,-2.999999092342,0.));
#151 = DIRECTION('',(0.,0.,-1.));
#152 = DIRECTION('',(-1.,-2.593310485767E-07,-0.));
#153 = ORIENTED_EDGE('',*,*,#154,.F.);
#154 = EDGE_CURVE('',#155,#146,#157,.T.);
#155 = VERTEX_POINT('',#156);
#156 = CARTESIAN_POINT('',(-0.5,-6.5,0.));
#157 = LINE('',#158,#159);
#158 = CARTESIAN_POINT('',(-0.5,-6.5,0.));
#159 = VECTOR('',#160,1.);
#160 = DIRECTION('',(0.,1.,0.));
#161 = ORIENTED_EDGE('',*,*,#162,.F.);
#162 = EDGE_CURVE('',#163,#155,#165,.T.);
#163 = VERTEX_POINT('',#164);
#164 = CARTESIAN_POINT('',(3.,-10.,0.));
#165 = CIRCLE('',#166,3.499999092342);
#166 = AXIS2_PLACEMENT_3D('',#167,#168,#169);
#167 = CARTESIAN_POINT('',(2.999999092342,-6.500000907658,0.));
#168 = DIRECTION('',(0.,0.,-1.));
#169 = DIRECTION('',(2.593310485767E-07,-1.,0.));
#170 = ORIENTED_EDGE('',*,*,#171,.F.);
#171 = EDGE_CURVE('',#172,#163,#174,.T.);
#172 = VERTEX_POINT('',#173);
#173 = CARTESIAN_POINT('',(9.499999,-10.000001,0.));
#174 = LINE('',#175,#176);
#175 = CARTESIAN_POINT('',(9.499999,-10.000001,0.));
#176 = VECTOR('',#177,1.);
#177 = DIRECTION('',(-1.,1.538461773997E-07,0.));
#178 = ORIENTED_EDGE('',*,*,#179,.F.);
#179 = EDGE_CURVE('',#180,#172,#182,.T.);
#180 = VERTEX_POINT('',#181);
#181 = CARTESIAN_POINT('',(12.999999,-13.500001,0.));
#182 = CIRCLE('',#183,3.499999092342);
#183 = AXIS2_PLACEMENT_3D('',#184,#185,#186);
#184 = CARTESIAN_POINT('',(9.499999907658,-13.50000009234,0.));
#185 = DIRECTION('',(0.,0.,1.));
#186 = DIRECTION('',(1.,-2.59331048323E-07,0.));
#187 = ORIENTED_EDGE('',*,*,#188,.F.);
#188 = EDGE_CURVE('',#189,#180,#191,.T.);
#189 = VERTEX_POINT('',#190);
#190 = CARTESIAN_POINT('',(12.956781,-51.425313,0.));
#191 = LINE('',#192,#193);
#192 = CARTESIAN_POINT('',(12.956781,-51.425313,0.));
#193 = VECTOR('',#194,1.);
#194 = DIRECTION('',(1.139554816025E-03,0.999999350707,0.));
#195 = ORIENTED_EDGE('',*,*,#196,.F.);
#196 = EDGE_CURVE('',#197,#189,#199,.T.);
#197 = VERTEX_POINT('',#198);
#198 = CARTESIAN_POINT('',(11.5,-53.,0.));
#199 = CIRCLE('',#200,1.72173577046);
#200 = AXIS2_PLACEMENT_3D('',#201,#202,#203);
#201 = CARTESIAN_POINT('',(11.239755309193,-51.29804619211,0.));
#202 = DIRECTION('',(0.,0.,1.));
#203 = DIRECTION('',(0.151152514382,-0.988510453863,0.));
#204 = ORIENTED_EDGE('',*,*,#205,.F.);
#205 = EDGE_CURVE('',#206,#197,#208,.T.);
#206 = VERTEX_POINT('',#207);
#207 = CARTESIAN_POINT('',(11.3,-53.025,0.));
#208 = LINE('',#209,#210);
#209 = CARTESIAN_POINT('',(11.3,-53.025,0.));
#210 = VECTOR('',#211,1.);
#211 = DIRECTION('',(0.992277876714,0.124034734589,0.));
#212 = ORIENTED_EDGE('',*,*,#213,.F.);
#213 = EDGE_CURVE('',#214,#206,#216,.T.);
#214 = VERTEX_POINT('',#215);
#215 = CARTESIAN_POINT('',(8.522543,-56.500278,0.));
#216 = CIRCLE('',#217,3.459118073561);
#217 = AXIS2_PLACEMENT_3D('',#218,#219,#220);
#218 = CARTESIAN_POINT('',(11.980646203782,-56.41649208934,0.));
#219 = DIRECTION('',(0.,0.,-1.));
#220 = DIRECTION('',(-0.999706610252,-2.42217550457E-02,-0.));
#221 = ORIENTED_EDGE('',*,*,#222,.F.);
#222 = EDGE_CURVE('',#223,#214,#225,.T.);
#223 = VERTEX_POINT('',#224);
#224 = CARTESIAN_POINT('',(8.5,-63.,0.));
#225 = LINE('',#226,#227);
#226 = CARTESIAN_POINT('',(8.5,-63.,0.));
#227 = VECTOR('',#228,1.);
#228 = DIRECTION('',(3.468281322647E-03,0.999993985494,0.));
#229 = ORIENTED_EDGE('',*,*,#230,.F.);
#230 = EDGE_CURVE('',#231,#223,#233,.T.);
#231 = VERTEX_POINT('',#232);
#232 = CARTESIAN_POINT('',(12.,-66.5,0.));
#233 = CIRCLE('',#234,3.499999092342);
#234 = AXIS2_PLACEMENT_3D('',#235,#236,#237);
#235 = CARTESIAN_POINT('',(11.999999092342,-63.00000090765,0.));
#236 = DIRECTION('',(0.,0.,-1.));
#237 = DIRECTION('',(2.59331048323E-07,-1.,0.));
#238 = ORIENTED_EDGE('',*,*,#239,.F.);
#239 = EDGE_CURVE('',#240,#231,#242,.T.);
#240 = VERTEX_POINT('',#241);
#241 = CARTESIAN_POINT('',(16.5,-66.5,0.));
#242 = LINE('',#243,#244);
#243 = CARTESIAN_POINT('',(16.5,-66.5,0.));
#244 = VECTOR('',#245,1.);
#245 = DIRECTION('',(-1.,0.,0.));
#246 = ORIENTED_EDGE('',*,*,#247,.F.);
#247 = EDGE_CURVE('',#248,#240,#250,.T.);
#248 = VERTEX_POINT('',#249);
#249 = CARTESIAN_POINT('',(17.,-66.500218,0.));
#250 = LINE('',#251,#252);
#251 = CARTESIAN_POINT('',(17.,-66.500218,0.));
#252 = VECTOR('',#253,1.);
#253 = DIRECTION('',(-0.999999904952,4.359999585667E-04,0.));
#254 = ORIENTED_EDGE('',*,*,#255,.F.);
#255 = EDGE_CURVE('',#256,#248,#258,.T.);
#256 = VERTEX_POINT('',#257);
#257 = CARTESIAN_POINT('',(20.496903,-63.176879,0.));
#258 = CIRCLE('',#259,3.475046816559);
#259 = AXIS2_PLACEMENT_3D('',#260,#261,#262);
#260 = CARTESIAN_POINT('',(17.025165285983,-63.0252623045,0.));
#261 = DIRECTION('',(0.,0.,-1.));
#262 = DIRECTION('',(0.999047753105,-4.363011593783E-02,0.));
#263 = ORIENTED_EDGE('',*,*,#264,.F.);
#264 = EDGE_CURVE('',#265,#256,#267,.T.);
#265 = VERTEX_POINT('',#266);
#266 = CARTESIAN_POINT('',(20.500218,-63.02555,0.));
#267 = LINE('',#268,#269);
#268 = CARTESIAN_POINT('',(20.500218,-63.02555,0.));
#269 = VECTOR('',#270,1.);
#270 = DIRECTION('',(-2.190065951136E-02,-0.999760151793,0.));
#271 = ORIENTED_EDGE('',*,*,#272,.F.);
#272 = EDGE_CURVE('',#273,#265,#275,.T.);
#273 = VERTEX_POINT('',#274);
#274 = CARTESIAN_POINT('',(20.500218,-57.02555,0.));
#275 = LINE('',#276,#277);
#276 = CARTESIAN_POINT('',(20.500218,-57.02555,0.));
#277 = VECTOR('',#278,1.);
#278 = DIRECTION('',(0.,-1.,0.));
#279 = ORIENTED_EDGE('',*,*,#280,.F.);
#280 = EDGE_CURVE('',#281,#273,#283,.T.);
#281 = VERTEX_POINT('',#282);
#282 = CARTESIAN_POINT('',(22.,-55.5,0.));
#283 = CIRCLE('',#284,1.500000030534);
#284 = AXIS2_PLACEMENT_3D('',#285,#286,#287);
#285 = CARTESIAN_POINT('',(22.000000414439,-57.00000003053,0.));
#286 = DIRECTION('',(0.,0.,1.));
#287 = DIRECTION('',(-2.762929479289E-07,1.,0.));
#288 = ORIENTED_EDGE('',*,*,#289,.F.);
#289 = EDGE_CURVE('',#290,#281,#292,.T.);
#290 = VERTEX_POINT('',#291);
#291 = CARTESIAN_POINT('',(72.000044,-55.488498,0.));
#292 = LINE('',#293,#294);
#293 = CARTESIAN_POINT('',(72.000044,-55.488498,0.));
#294 = VECTOR('',#295,1.);
#295 = DIRECTION('',(-0.999999973541,-2.300397914783E-04,0.));
#296 = ORIENTED_EDGE('',*,*,#297,.F.);
#297 = EDGE_CURVE('',#298,#290,#300,.T.);
#298 = VERTEX_POINT('',#299);
#299 = CARTESIAN_POINT('',(74.536493,-57.653853,0.));
#300 = CIRCLE('',#301,2.504613590587);
#301 = AXIS2_PLACEMENT_3D('',#302,#303,#304);
#302 = CARTESIAN_POINT('',(72.0548806508,-57.99251121479,0.));
#303 = DIRECTION('',(0.,0.,1.));
#304 = DIRECTION('',(0.990816451099,0.135213757552,-0.));
#305 = ORIENTED_EDGE('',*,*,#306,.F.);
#306 = EDGE_CURVE('',#307,#298,#309,.T.);
#307 = VERTEX_POINT('',#308);
#308 = CARTESIAN_POINT('',(74.531922,-63.654477,0.));
#309 = LINE('',#310,#311);
#310 = CARTESIAN_POINT('',(74.531922,-63.654477,0.));
#311 = VECTOR('',#312,1.);
#312 = DIRECTION('',(7.617538898944E-04,0.999999709865,0.));
#313 = ORIENTED_EDGE('',*,*,#314,.F.);
#314 = EDGE_CURVE('',#315,#307,#317,.T.);
#315 = VERTEX_POINT('',#316);
#316 = CARTESIAN_POINT('',(77.974874,-66.525126,0.));
#317 = CIRCLE('',#318,3.499999480458);
#318 = AXIS2_PLACEMENT_3D('',#319,#320,#321);
#319 = CARTESIAN_POINT('',(77.974873399012,-63.02512651954,0.));
#320 = DIRECTION('',(0.,0.,-1.));
#321 = DIRECTION('',(1.717110173269E-07,-1.,0.));
#322 = ORIENTED_EDGE('',*,*,#323,.F.);
#323 = EDGE_CURVE('',#324,#315,#326,.T.);
#324 = VERTEX_POINT('',#325);
#325 = CARTESIAN_POINT('',(82.,-66.5,0.));
#326 = LINE('',#327,#328);
#327 = CARTESIAN_POINT('',(82.,-66.5,0.));
#328 = VECTOR('',#329,1.);
#329 = DIRECTION('',(-0.999980517483,-6.242167445759E-03,0.));
#330 = ORIENTED_EDGE('',*,*,#331,.F.);
#331 = EDGE_CURVE('',#332,#324,#334,.T.);
#332 = VERTEX_POINT('',#333);
#333 = CARTESIAN_POINT('',(85.5,-63.,0.));
#334 = CIRCLE('',#335,3.499999092342);
#335 = AXIS2_PLACEMENT_3D('',#336,#337,#338);
#336 = CARTESIAN_POINT('',(82.000000907658,-63.00000090765,0.));
#337 = DIRECTION('',(0.,0.,-1.));
#338 = DIRECTION('',(1.,2.593310478154E-07,0.));
#339 = ORIENTED_EDGE('',*,*,#340,.F.);
#340 = EDGE_CURVE('',#341,#332,#343,.T.);
#341 = VERTEX_POINT('',#342);
#342 = CARTESIAN_POINT('',(85.5,-59.,0.));
#343 = LINE('',#344,#345);
#344 = CARTESIAN_POINT('',(85.5,-59.,0.));
#345 = VECTOR('',#346,1.);
#346 = DIRECTION('',(0.,-1.,0.));
#347 = ORIENTED_EDGE('',*,*,#348,.F.);
#348 = EDGE_CURVE('',#349,#341,#351,.T.);
#349 = VERTEX_POINT('',#350);
#350 = CARTESIAN_POINT('',(85.5,-53.,0.));
#351 = LINE('',#352,#353);
#352 = CARTESIAN_POINT('',(85.5,-53.,0.));
#353 = VECTOR('',#354,1.);
#354 = DIRECTION('',(0.,-1.,0.));
#355 = ORIENTED_EDGE('',*,*,#356,.F.);
#356 = EDGE_CURVE('',#357,#349,#359,.T.);
#357 = VERTEX_POINT('',#358);
#358 = CARTESIAN_POINT('',(82.,-49.5,0.));
#359 = CIRCLE('',#360,3.499999092342);
#360 = AXIS2_PLACEMENT_3D('',#361,#362,#363);
#361 = CARTESIAN_POINT('',(82.000000907658,-52.99999909234,0.));
#362 = DIRECTION('',(0.,0.,-1.));
#363 = DIRECTION('',(-2.593310478154E-07,1.,0.));
#364 = ORIENTED_EDGE('',*,*,#365,.F.);
#365 = EDGE_CURVE('',#366,#357,#368,.T.);
#366 = VERTEX_POINT('',#367);
#367 = CARTESIAN_POINT('',(77.500001,-49.499999,0.));
#368 = LINE('',#369,#370);
#369 = CARTESIAN_POINT('',(77.500001,-49.499999,0.));
#370 = VECTOR('',#371,1.);
#371 = DIRECTION('',(1.,-2.222222710439E-07,0.));
#372 = ORIENTED_EDGE('',*,*,#373,.F.);
#373 = EDGE_CURVE('',#374,#366,#376,.T.);
#374 = VERTEX_POINT('',#375);
#375 = CARTESIAN_POINT('',(74.000001,-45.999999,0.));
#376 = CIRCLE('',#377,3.499999092342);
#377 = AXIS2_PLACEMENT_3D('',#378,#379,#380);
#378 = CARTESIAN_POINT('',(77.500000092342,-45.99999990765,0.));
#379 = DIRECTION('',(0.,0.,1.));
#380 = DIRECTION('',(-1.,2.593310478154E-07,0.));
#381 = ORIENTED_EDGE('',*,*,#382,.F.);
#382 = EDGE_CURVE('',#383,#374,#385,.T.);
#383 = VERTEX_POINT('',#384);
#384 = CARTESIAN_POINT('',(74.,-11.5,0.));
#385 = LINE('',#386,#387);
#386 = CARTESIAN_POINT('',(74.,-11.5,0.));
#387 = VECTOR('',#388,1.);
#388 = DIRECTION('',(2.898550801336E-08,-1.,0.));
#389 = ORIENTED_EDGE('',*,*,#390,.F.);
#390 = EDGE_CURVE('',#391,#383,#393,.T.);
#391 = VERTEX_POINT('',#392);
#392 = CARTESIAN_POINT('',(77.5,-8.,0.));
#393 = CIRCLE('',#394,3.499999092342);
#394 = AXIS2_PLACEMENT_3D('',#395,#396,#397);
#395 = CARTESIAN_POINT('',(77.499999092342,-11.49999909234,0.));
#396 = DIRECTION('',(0.,0.,1.));
#397 = DIRECTION('',(2.593310478154E-07,1.,-0.));
#398 = ORIENTED_EDGE('',*,*,#399,.F.);
#399 = EDGE_CURVE('',#400,#391,#402,.T.);
#400 = VERTEX_POINT('',#401);
#401 = CARTESIAN_POINT('',(94.,-8.025126,0.));
#402 = LINE('',#403,#404);
#403 = CARTESIAN_POINT('',(94.,-8.025126,0.));
#404 = VECTOR('',#405,1.);
#405 = DIRECTION('',(-0.999998840561,1.522786113208E-03,0.));
#406 = ORIENTED_EDGE('',*,*,#407,.F.);
#407 = EDGE_CURVE('',#122,#400,#408,.T.);
#408 = CIRCLE('',#409,3.499999092342);
#409 = AXIS2_PLACEMENT_3D('',#410,#411,#412);
#410 = CARTESIAN_POINT('',(94.000000907658,-4.525126907658,0.));
#411 = DIRECTION('',(0.,0.,-1.));
#412 = DIRECTION('',(1.,2.59331048323E-07,0.));
#413 = ORIENTED_EDGE('',*,*,#129,.F.);
#414 = FACE_BOUND('',#415,.F.);
#415 = EDGE_LOOP('',(#416));
#416 = ORIENTED_EDGE('',*,*,#417,.T.);
#417 = EDGE_CURVE('',#418,#418,#420,.T.);
#418 = VERTEX_POINT('',#419);
#419 = CARTESIAN_POINT('',(13.,-63.5,0.));
#420 = CIRCLE('',#421,2.);
#421 = AXIS2_PLACEMENT_3D('',#422,#423,#424);
#422 = CARTESIAN_POINT('',(13.,-61.5,0.));
#423 = DIRECTION('',(-0.,0.,-1.));
#424 = DIRECTION('',(-0.,-1.,0.));
#425 = FACE_BOUND('',#426,.F.);
#426 = EDGE_LOOP('',(#427));
#427 = ORIENTED_EDGE('',*,*,#428,.T.);
#428 = EDGE_CURVE('',#429,#429,#431,.T.);
#429 = VERTEX_POINT('',#430);
#430 = CARTESIAN_POINT('',(32.3,-54.,0.));
#431 = CIRCLE('',#432,0.5);
#432 = AXIS2_PLACEMENT_3D('',#433,#434,#435);
#433 = CARTESIAN_POINT('',(32.3,-53.5,0.));
#434 = DIRECTION('',(-0.,0.,-1.));
#435 = DIRECTION('',(-0.,-1.,0.));
#436 = FACE_BOUND('',#437,.F.);
#437 = EDGE_LOOP('',(#438));
#438 = ORIENTED_EDGE('',*,*,#439,.T.);
#439 = EDGE_CURVE('',#440,#440,#442,.T.);
#440 = VERTEX_POINT('',#441);
#441 = CARTESIAN_POINT('',(34.84,-54.,0.));
#442 = CIRCLE('',#443,0.5);
#443 = AXIS2_PLACEMENT_3D('',#444,#445,#446);
#444 = CARTESIAN_POINT('',(34.84,-53.5,0.));
#445 = DIRECTION('',(-0.,0.,-1.));
#446 = DIRECTION('',(-0.,-1.,0.));
#447 = FACE_BOUND('',#448,.F.);
#448 = EDGE_LOOP('',(#449));
#449 = ORIENTED_EDGE('',*,*,#450,.T.);
#450 = EDGE_CURVE('',#451,#451,#453,.T.);
#451 = VERTEX_POINT('',#452);
#452 = CARTESIAN_POINT('',(32.3,-51.46,0.));
#453 = CIRCLE('',#454,0.5);
#454 = AXIS2_PLACEMENT_3D('',#455,#456,#457);
#455 = CARTESIAN_POINT('',(32.3,-50.96,0.));
#456 = DIRECTION('',(-0.,0.,-1.));
#457 = DIRECTION('',(-0.,-1.,0.));
#458 = FACE_BOUND('',#459,.F.);
#459 = EDGE_LOOP('',(#460));
#460 = ORIENTED_EDGE('',*,*,#461,.T.);
#461 = EDGE_CURVE('',#462,#462,#464,.T.);
#462 = VERTEX_POINT('',#463);
#463 = CARTESIAN_POINT('',(34.84,-51.46,0.));
#464 = CIRCLE('',#465,0.5);
#465 = AXIS2_PLACEMENT_3D('',#466,#467,#468);
#466 = CARTESIAN_POINT('',(34.84,-50.96,0.));
#467 = DIRECTION('',(-0.,0.,-1.));
#468 = DIRECTION('',(-0.,-1.,0.));
#469 = FACE_BOUND('',#470,.F.);
#470 = EDGE_LOOP('',(#471));
#471 = ORIENTED_EDGE('',*,*,#472,.T.);
#472 = EDGE_CURVE('',#473,#473,#475,.T.);
#473 = VERTEX_POINT('',#474);
#474 = CARTESIAN_POINT('',(37.38,-54.,0.));
#475 = CIRCLE('',#476,0.5);
#476 = AXIS2_PLACEMENT_3D('',#477,#478,#479);
#477 = CARTESIAN_POINT('',(37.38,-53.5,0.));
#478 = DIRECTION('',(-0.,0.,-1.));
#479 = DIRECTION('',(-0.,-1.,0.));
#480 = FACE_BOUND('',#481,.F.);
#481 = EDGE_LOOP('',(#482));
#482 = ORIENTED_EDGE('',*,*,#483,.T.);
#483 = EDGE_CURVE('',#484,#484,#486,.T.);
#484 = VERTEX_POINT('',#485);
#485 = CARTESIAN_POINT('',(39.92,-54.,0.));
#486 = CIRCLE('',#487,0.5);
#487 = AXIS2_PLACEMENT_3D('',#488,#489,#490);
#488 = CARTESIAN_POINT('',(39.92,-53.5,0.));
#489 = DIRECTION('',(-0.,0.,-1.));
#490 = DIRECTION('',(-0.,-1.,0.));
#491 = FACE_BOUND('',#492,.F.);
#492 = EDGE_LOOP('',(#493));
#493 = ORIENTED_EDGE('',*,*,#494,.T.);
#494 = EDGE_CURVE('',#495,#495,#497,.T.);
#495 = VERTEX_POINT('',#496);
#496 = CARTESIAN_POINT('',(42.46,-54.,0.));
#497 = CIRCLE('',#498,0.5);
#498 = AXIS2_PLACEMENT_3D('',#499,#500,#501);
#499 = CARTESIAN_POINT('',(42.46,-53.5,0.));
#500 = DIRECTION('',(-0.,0.,-1.));
#501 = DIRECTION('',(-0.,-1.,0.));
#502 = FACE_BOUND('',#503,.F.);
#503 = EDGE_LOOP('',(#504));
#504 = ORIENTED_EDGE('',*,*,#505,.T.);
#505 = EDGE_CURVE('',#506,#506,#508,.T.);
#506 = VERTEX_POINT('',#507);
#507 = CARTESIAN_POINT('',(45.,-54.,0.));
#508 = CIRCLE('',#509,0.5);
#509 = AXIS2_PLACEMENT_3D('',#510,#511,#512);
#510 = CARTESIAN_POINT('',(45.,-53.5,0.));
#511 = DIRECTION('',(-0.,0.,-1.));
#512 = DIRECTION('',(-0.,-1.,0.));
#513 = FACE_BOUND('',#514,.F.);
#514 = EDGE_LOOP('',(#515));
#515 = ORIENTED_EDGE('',*,*,#516,.T.);
#516 = EDGE_CURVE('',#517,#517,#519,.T.);
#517 = VERTEX_POINT('',#518);
#518 = CARTESIAN_POINT('',(47.54,-54.,0.));
#519 = CIRCLE('',#520,0.5);
#520 = AXIS2_PLACEMENT_3D('',#521,#522,#523);
#521 = CARTESIAN_POINT('',(47.54,-53.5,0.));
#522 = DIRECTION('',(-0.,0.,-1.));
#523 = DIRECTION('',(-0.,-1.,0.));
#524 = FACE_BOUND('',#525,.F.);
#525 = EDGE_LOOP('',(#526));
#526 = ORIENTED_EDGE('',*,*,#527,.T.);
#527 = EDGE_CURVE('',#528,#528,#530,.T.);
#528 = VERTEX_POINT('',#529);
#529 = CARTESIAN_POINT('',(37.38,-51.46,0.));
#530 = CIRCLE('',#531,0.5);
#531 = AXIS2_PLACEMENT_3D('',#532,#533,#534);
#532 = CARTESIAN_POINT('',(37.38,-50.96,0.));
#533 = DIRECTION('',(-0.,0.,-1.));
#534 = DIRECTION('',(-0.,-1.,0.));
#535 = FACE_BOUND('',#536,.F.);
#536 = EDGE_LOOP('',(#537));
#537 = ORIENTED_EDGE('',*,*,#538,.T.);
#538 = EDGE_CURVE('',#539,#539,#541,.T.);
#539 = VERTEX_POINT('',#540);
#540 = CARTESIAN_POINT('',(39.92,-51.46,0.));
#541 = CIRCLE('',#542,0.5);
#542 = AXIS2_PLACEMENT_3D('',#543,#544,#545);
#543 = CARTESIAN_POINT('',(39.92,-50.96,0.));
#544 = DIRECTION('',(-0.,0.,-1.));
#545 = DIRECTION('',(-0.,-1.,0.));
#546 = FACE_BOUND('',#547,.F.);
#547 = EDGE_LOOP('',(#548));
#548 = ORIENTED_EDGE('',*,*,#549,.T.);
#549 = EDGE_CURVE('',#550,#550,#552,.T.);
#550 = VERTEX_POINT('',#551);
#551 = CARTESIAN_POINT('',(42.46,-51.46,0.));
#552 = CIRCLE('',#553,0.5);
#553 = AXIS2_PLACEMENT_3D('',#554,#555,#556);
#554 = CARTESIAN_POINT('',(42.46,-50.96,0.));
#555 = DIRECTION('',(-0.,0.,-1.));
#556 = DIRECTION('',(-0.,-1.,0.));
#557 = FACE_BOUND('',#558,.F.);
#558 = EDGE_LOOP('',(#559));
#559 = ORIENTED_EDGE('',*,*,#560,.T.);
#560 = EDGE_CURVE('',#561,#561,#563,.T.);
#561 = VERTEX_POINT('',#562);
#562 = CARTESIAN_POINT('',(45.,-51.46,0.));
#563 = CIRCLE('',#564,0.5);
#564 = AXIS2_PLACEMENT_3D('',#565,#566,#567);
#565 = CARTESIAN_POINT('',(45.,-50.96,0.));
#566 = DIRECTION('',(-0.,0.,-1.));
#567 = DIRECTION('',(-0.,-1.,0.));
#568 = FACE_BOUND('',#569,.F.);
#569 = EDGE_LOOP('',(#570));
#570 = ORIENTED_EDGE('',*,*,#571,.T.);
#571 = EDGE_CURVE('',#572,#572,#574,.T.);
#572 = VERTEX_POINT('',#573);
#573 = CARTESIAN_POINT('',(47.54,-51.46,0.));
#574 = CIRCLE('',#575,0.5);
#575 = AXIS2_PLACEMENT_3D('',#576,#577,#578);
#576 = CARTESIAN_POINT('',(47.54,-50.96,0.));
#577 = DIRECTION('',(-0.,0.,-1.));
#578 = DIRECTION('',(-0.,-1.,0.));
#579 = FACE_BOUND('',#580,.F.);
#580 = EDGE_LOOP('',(#581));
#581 = ORIENTED_EDGE('',*,*,#582,.T.);
#582 = EDGE_CURVE('',#583,#583,#585,.T.);
#583 = VERTEX_POINT('',#584);
#584 = CARTESIAN_POINT('',(46.35,-38.59,0.));
#585 = CIRCLE('',#586,0.15);
#586 = AXIS2_PLACEMENT_3D('',#587,#588,#589);
#587 = CARTESIAN_POINT('',(46.35,-38.44,0.));
#588 = DIRECTION('',(-0.,0.,-1.));
#589 = DIRECTION('',(-0.,-1.,0.));
#590 = FACE_BOUND('',#591,.F.);
#591 = EDGE_LOOP('',(#592));
#592 = ORIENTED_EDGE('',*,*,#593,.T.);
#593 = EDGE_CURVE('',#594,#594,#596,.T.);
#594 = VERTEX_POINT('',#595);
#595 = CARTESIAN_POINT('',(50.08,-54.,0.));
#596 = CIRCLE('',#597,0.5);
#597 = AXIS2_PLACEMENT_3D('',#598,#599,#600);
#598 = CARTESIAN_POINT('',(50.08,-53.5,0.));
#599 = DIRECTION('',(-0.,0.,-1.));
#600 = DIRECTION('',(-0.,-1.,0.));
#601 = FACE_BOUND('',#602,.F.);
#602 = EDGE_LOOP('',(#603));
#603 = ORIENTED_EDGE('',*,*,#604,.T.);
#604 = EDGE_CURVE('',#605,#605,#607,.T.);
#605 = VERTEX_POINT('',#606);
#606 = CARTESIAN_POINT('',(52.62,-54.,0.));
#607 = CIRCLE('',#608,0.5);
#608 = AXIS2_PLACEMENT_3D('',#609,#610,#611);
#609 = CARTESIAN_POINT('',(52.62,-53.5,0.));
#610 = DIRECTION('',(-0.,0.,-1.));
#611 = DIRECTION('',(-0.,-1.,0.));
#612 = FACE_BOUND('',#613,.F.);
#613 = EDGE_LOOP('',(#614));
#614 = ORIENTED_EDGE('',*,*,#615,.T.);
#615 = EDGE_CURVE('',#616,#616,#618,.T.);
#616 = VERTEX_POINT('',#617);
#617 = CARTESIAN_POINT('',(55.16,-54.,0.));
#618 = CIRCLE('',#619,0.5);
#619 = AXIS2_PLACEMENT_3D('',#620,#621,#622);
#620 = CARTESIAN_POINT('',(55.16,-53.5,0.));
#621 = DIRECTION('',(-0.,0.,-1.));
#622 = DIRECTION('',(-0.,-1.,0.));
#623 = FACE_BOUND('',#624,.F.);
#624 = EDGE_LOOP('',(#625));
#625 = ORIENTED_EDGE('',*,*,#626,.T.);
#626 = EDGE_CURVE('',#627,#627,#629,.T.);
#627 = VERTEX_POINT('',#628);
#628 = CARTESIAN_POINT('',(57.7,-54.,0.));
#629 = CIRCLE('',#630,0.5);
#630 = AXIS2_PLACEMENT_3D('',#631,#632,#633);
#631 = CARTESIAN_POINT('',(57.7,-53.5,0.));
#632 = DIRECTION('',(-0.,0.,-1.));
#633 = DIRECTION('',(-0.,-1.,0.));
#634 = FACE_BOUND('',#635,.F.);
#635 = EDGE_LOOP('',(#636));
#636 = ORIENTED_EDGE('',*,*,#637,.T.);
#637 = EDGE_CURVE('',#638,#638,#640,.T.);
#638 = VERTEX_POINT('',#639);
#639 = CARTESIAN_POINT('',(60.24,-54.,0.));
#640 = CIRCLE('',#641,0.5);
#641 = AXIS2_PLACEMENT_3D('',#642,#643,#644);
#642 = CARTESIAN_POINT('',(60.24,-53.5,0.));
#643 = DIRECTION('',(-0.,0.,-1.));
#644 = DIRECTION('',(-0.,-1.,0.));
#645 = FACE_BOUND('',#646,.F.);
#646 = EDGE_LOOP('',(#647));
#647 = ORIENTED_EDGE('',*,*,#648,.T.);
#648 = EDGE_CURVE('',#649,#649,#651,.T.);
#649 = VERTEX_POINT('',#650);
#650 = CARTESIAN_POINT('',(50.08,-51.46,0.));
#651 = CIRCLE('',#652,0.5);
#652 = AXIS2_PLACEMENT_3D('',#653,#654,#655);
#653 = CARTESIAN_POINT('',(50.08,-50.96,0.));
#654 = DIRECTION('',(-0.,0.,-1.));
#655 = DIRECTION('',(-0.,-1.,0.));
#656 = FACE_BOUND('',#657,.F.);
#657 = EDGE_LOOP('',(#658));
#658 = ORIENTED_EDGE('',*,*,#659,.T.);
#659 = EDGE_CURVE('',#660,#660,#662,.T.);
#660 = VERTEX_POINT('',#661);
#661 = CARTESIAN_POINT('',(52.62,-51.46,0.));
#662 = CIRCLE('',#663,0.5);
#663 = AXIS2_PLACEMENT_3D('',#664,#665,#666);
#664 = CARTESIAN_POINT('',(52.62,-50.96,0.));
#665 = DIRECTION('',(-0.,0.,-1.));
#666 = DIRECTION('',(-0.,-1.,0.));
#667 = FACE_BOUND('',#668,.F.);
#668 = EDGE_LOOP('',(#669));
#669 = ORIENTED_EDGE('',*,*,#670,.T.);
#670 = EDGE_CURVE('',#671,#671,#673,.T.);
#671 = VERTEX_POINT('',#672);
#672 = CARTESIAN_POINT('',(55.16,-51.46,0.));
#673 = CIRCLE('',#674,0.5);
#674 = AXIS2_PLACEMENT_3D('',#675,#676,#677);
#675 = CARTESIAN_POINT('',(55.16,-50.96,0.));
#676 = DIRECTION('',(-0.,0.,-1.));
#677 = DIRECTION('',(-0.,-1.,0.));
#678 = FACE_BOUND('',#679,.F.);
#679 = EDGE_LOOP('',(#680));
#680 = ORIENTED_EDGE('',*,*,#681,.T.);
#681 = EDGE_CURVE('',#682,#682,#684,.T.);
#682 = VERTEX_POINT('',#683);
#683 = CARTESIAN_POINT('',(57.7,-51.46,0.));
#684 = CIRCLE('',#685,0.5);
#685 = AXIS2_PLACEMENT_3D('',#686,#687,#688);
#686 = CARTESIAN_POINT('',(57.7,-50.96,0.));
#687 = DIRECTION('',(-0.,0.,-1.));
#688 = DIRECTION('',(-0.,-1.,0.));
#689 = FACE_BOUND('',#690,.F.);
#690 = EDGE_LOOP('',(#691));
#691 = ORIENTED_EDGE('',*,*,#692,.T.);
#692 = EDGE_CURVE('',#693,#693,#695,.T.);
#693 = VERTEX_POINT('',#694);
#694 = CARTESIAN_POINT('',(60.24,-51.46,0.));
#695 = CIRCLE('',#696,0.5);
#696 = AXIS2_PLACEMENT_3D('',#697,#698,#699);
#697 = CARTESIAN_POINT('',(60.24,-50.96,0.));
#698 = DIRECTION('',(-0.,0.,-1.));
#699 = DIRECTION('',(-0.,-1.,0.));
#700 = FACE_BOUND('',#701,.F.);
#701 = EDGE_LOOP('',(#702));
#702 = ORIENTED_EDGE('',*,*,#703,.T.);
#703 = EDGE_CURVE('',#704,#704,#706,.T.);
#704 = VERTEX_POINT('',#705);
#705 = CARTESIAN_POINT('',(62.78,-54.,0.));
#706 = CIRCLE('',#707,0.5);
#707 = AXIS2_PLACEMENT_3D('',#708,#709,#710);
#708 = CARTESIAN_POINT('',(62.78,-53.5,0.));
#709 = DIRECTION('',(-0.,0.,-1.));
#710 = DIRECTION('',(-0.,-1.,0.));
#711 = FACE_BOUND('',#712,.F.);
#712 = EDGE_LOOP('',(#713));
#713 = ORIENTED_EDGE('',*,*,#714,.T.);
#714 = EDGE_CURVE('',#715,#715,#717,.T.);
#715 = VERTEX_POINT('',#716);
#716 = CARTESIAN_POINT('',(65.32,-54.,0.));
#717 = CIRCLE('',#718,0.5);
#718 = AXIS2_PLACEMENT_3D('',#719,#720,#721);
#719 = CARTESIAN_POINT('',(65.32,-53.5,0.));
#720 = DIRECTION('',(-0.,0.,-1.));
#721 = DIRECTION('',(-0.,-1.,0.));
#722 = FACE_BOUND('',#723,.F.);
#723 = EDGE_LOOP('',(#724));
#724 = ORIENTED_EDGE('',*,*,#725,.T.);
#725 = EDGE_CURVE('',#726,#726,#728,.T.);
#726 = VERTEX_POINT('',#727);
#727 = CARTESIAN_POINT('',(62.78,-51.46,0.));
#728 = CIRCLE('',#729,0.5);
#729 = AXIS2_PLACEMENT_3D('',#730,#731,#732);
#730 = CARTESIAN_POINT('',(62.78,-50.96,0.));
#731 = DIRECTION('',(-0.,0.,-1.));
#732 = DIRECTION('',(-0.,-1.,0.));
#733 = FACE_BOUND('',#734,.F.);
#734 = EDGE_LOOP('',(#735));
#735 = ORIENTED_EDGE('',*,*,#736,.T.);
#736 = EDGE_CURVE('',#737,#737,#739,.T.);
#737 = VERTEX_POINT('',#738);
#738 = CARTESIAN_POINT('',(65.32,-51.46,0.));
#739 = CIRCLE('',#740,0.5);
#740 = AXIS2_PLACEMENT_3D('',#741,#742,#743);
#741 = CARTESIAN_POINT('',(65.32,-50.96,0.));
#742 = DIRECTION('',(-0.,0.,-1.));
#743 = DIRECTION('',(-0.,-1.,0.));
#744 = FACE_BOUND('',#745,.F.);
#745 = EDGE_LOOP('',(#746));
#746 = ORIENTED_EDGE('',*,*,#747,.T.);
#747 = EDGE_CURVE('',#748,#748,#750,.T.);
#748 = VERTEX_POINT('',#749);
#749 = CARTESIAN_POINT('',(81.5,-63.5,0.));
#750 = CIRCLE('',#751,2.);
#751 = AXIS2_PLACEMENT_3D('',#752,#753,#754);
#752 = CARTESIAN_POINT('',(81.5,-61.5,0.));
#753 = DIRECTION('',(-0.,0.,-1.));
#754 = DIRECTION('',(-0.,-1.,0.));
#755 = FACE_BOUND('',#756,.F.);
#756 = EDGE_LOOP('',(#757));
#757 = ORIENTED_EDGE('',*,*,#758,.T.);
#758 = EDGE_CURVE('',#759,#759,#761,.T.);
#759 = VERTEX_POINT('',#760);
#760 = CARTESIAN_POINT('',(50.63,-38.5875,0.));
#761 = CIRCLE('',#762,0.15);
#762 = AXIS2_PLACEMENT_3D('',#763,#764,#765);
#763 = CARTESIAN_POINT('',(50.63,-38.4375,0.));
#764 = DIRECTION('',(-0.,0.,-1.));
#765 = DIRECTION('',(4.736951571734E-14,-1.,-0.));
#766 = FACE_BOUND('',#767,.F.);
#767 = EDGE_LOOP('',(#768));
#768 = ORIENTED_EDGE('',*,*,#769,.T.);
#769 = EDGE_CURVE('',#770,#770,#772,.T.);
#770 = VERTEX_POINT('',#771);
#771 = CARTESIAN_POINT('',(54.59,-38.63,0.));
#772 = CIRCLE('',#773,0.15);
#773 = AXIS2_PLACEMENT_3D('',#774,#775,#776);
#774 = CARTESIAN_POINT('',(54.59,-38.48,0.));
#775 = DIRECTION('',(-0.,0.,-1.));
#776 = DIRECTION('',(-0.,-1.,0.));
#777 = FACE_BOUND('',#778,.F.);
#778 = EDGE_LOOP('',(#779));
#779 = ORIENTED_EDGE('',*,*,#780,.T.);
#780 = EDGE_CURVE('',#781,#781,#783,.T.);
#781 = VERTEX_POINT('',#782);
#782 = CARTESIAN_POINT('',(50.21,-33.89,0.));
#783 = CIRCLE('',#784,0.15);
#784 = AXIS2_PLACEMENT_3D('',#785,#786,#787);
#785 = CARTESIAN_POINT('',(50.21,-33.74,0.));
#786 = DIRECTION('',(-0.,0.,-1.));
#787 = DIRECTION('',(-0.,-1.,0.));
#788 = FACE_BOUND('',#789,.F.);
#789 = EDGE_LOOP('',(#790));
#790 = ORIENTED_EDGE('',*,*,#791,.T.);
#791 = EDGE_CURVE('',#792,#792,#794,.T.);
#792 = VERTEX_POINT('',#793);
#793 = CARTESIAN_POINT('',(48.7,-33.17,0.));
#794 = CIRCLE('',#795,0.15);
#795 = AXIS2_PLACEMENT_3D('',#796,#797,#798);
#796 = CARTESIAN_POINT('',(48.7,-33.02,0.));
#797 = DIRECTION('',(-0.,0.,-1.));
#798 = DIRECTION('',(-0.,-1.,0.));
#799 = FACE_BOUND('',#800,.F.);
#800 = EDGE_LOOP('',(#801));
#801 = ORIENTED_EDGE('',*,*,#802,.T.);
#802 = EDGE_CURVE('',#803,#803,#805,.T.);
#803 = VERTEX_POINT('',#804);
#804 = CARTESIAN_POINT('',(51.96,-33.13,0.));
#805 = CIRCLE('',#806,0.15);
#806 = AXIS2_PLACEMENT_3D('',#807,#808,#809);
#807 = CARTESIAN_POINT('',(51.96,-32.98,0.));
#808 = DIRECTION('',(-0.,0.,-1.));
#809 = DIRECTION('',(-0.,-1.,0.));
#810 = FACE_BOUND('',#811,.F.);
#811 = EDGE_LOOP('',(#812));
#812 = ORIENTED_EDGE('',*,*,#813,.T.);
#813 = EDGE_CURVE('',#814,#814,#816,.T.);
#814 = VERTEX_POINT('',#815);
#815 = CARTESIAN_POINT('',(53.48,-33.12,0.));
#816 = CIRCLE('',#817,0.15);
#817 = AXIS2_PLACEMENT_3D('',#818,#819,#820);
#818 = CARTESIAN_POINT('',(53.48,-32.97,0.));
#819 = DIRECTION('',(-0.,0.,-1.));
#820 = DIRECTION('',(-4.736951571734E-14,-1.,0.));
#821 = FACE_BOUND('',#822,.F.);
#822 = EDGE_LOOP('',(#823));
#823 = ORIENTED_EDGE('',*,*,#824,.T.);
#824 = EDGE_CURVE('',#825,#825,#827,.T.);
#825 = VERTEX_POINT('',#826);
#826 = CARTESIAN_POINT('',(63.01125,-33.495,0.));
#827 = CIRCLE('',#828,0.15);
#828 = AXIS2_PLACEMENT_3D('',#829,#830,#831);
#829 = CARTESIAN_POINT('',(63.01125,-33.345,0.));
#830 = DIRECTION('',(-0.,0.,-1.));
#831 = DIRECTION('',(-4.736951571734E-14,-1.,0.));
#832 = FACE_BOUND('',#833,.F.);
#833 = EDGE_LOOP('',(#834));
#834 = ORIENTED_EDGE('',*,*,#835,.T.);
#835 = EDGE_CURVE('',#836,#836,#838,.T.);
#836 = VERTEX_POINT('',#837);
#837 = CARTESIAN_POINT('',(34.86,-28.42,0.));
#838 = CIRCLE('',#839,0.15);
#839 = AXIS2_PLACEMENT_3D('',#840,#841,#842);
#840 = CARTESIAN_POINT('',(34.86,-28.27,0.));
#841 = DIRECTION('',(-0.,0.,-1.));
#842 = DIRECTION('',(-0.,-1.,0.));
#843 = FACE_BOUND('',#844,.F.);
#844 = EDGE_LOOP('',(#845));
#845 = ORIENTED_EDGE('',*,*,#846,.T.);
#846 = EDGE_CURVE('',#847,#847,#849,.T.);
#847 = VERTEX_POINT('',#848);
#848 = CARTESIAN_POINT('',(42.,-31.725,0.));
#849 = CIRCLE('',#850,0.15);
#850 = AXIS2_PLACEMENT_3D('',#851,#852,#853);
#851 = CARTESIAN_POINT('',(42.,-31.575,0.));
#852 = DIRECTION('',(-0.,0.,-1.));
#853 = DIRECTION('',(-0.,-1.,0.));
#854 = FACE_BOUND('',#855,.F.);
#855 = EDGE_LOOP('',(#856));
#856 = ORIENTED_EDGE('',*,*,#857,.T.);
#857 = EDGE_CURVE('',#858,#858,#860,.T.);
#858 = VERTEX_POINT('',#859);
#859 = CARTESIAN_POINT('',(45.97,-32.03,0.));
#860 = CIRCLE('',#861,0.15);
#861 = AXIS2_PLACEMENT_3D('',#862,#863,#864);
#862 = CARTESIAN_POINT('',(45.97,-31.88,0.));
#863 = DIRECTION('',(-0.,0.,-1.));
#864 = DIRECTION('',(-0.,-1.,0.));
#865 = FACE_BOUND('',#866,.F.);
#866 = EDGE_LOOP('',(#867));
#867 = ORIENTED_EDGE('',*,*,#868,.T.);
#868 = EDGE_CURVE('',#869,#869,#871,.T.);
#869 = VERTEX_POINT('',#870);
#870 = CARTESIAN_POINT('',(38.82,-28.18,0.));
#871 = CIRCLE('',#872,0.15);
#872 = AXIS2_PLACEMENT_3D('',#873,#874,#875);
#873 = CARTESIAN_POINT('',(38.82,-28.03,0.));
#874 = DIRECTION('',(-0.,0.,-1.));
#875 = DIRECTION('',(-0.,-1.,0.));
#876 = FACE_BOUND('',#877,.F.);
#877 = EDGE_LOOP('',(#878));
#878 = ORIENTED_EDGE('',*,*,#879,.T.);
#879 = EDGE_CURVE('',#880,#880,#882,.T.);
#880 = VERTEX_POINT('',#881);
#881 = CARTESIAN_POINT('',(42.68,-28.19,0.));
#882 = CIRCLE('',#883,0.15);
#883 = AXIS2_PLACEMENT_3D('',#884,#885,#886);
#884 = CARTESIAN_POINT('',(42.68,-28.04,0.));
#885 = DIRECTION('',(-0.,0.,-1.));
#886 = DIRECTION('',(-0.,-1.,0.));
#887 = FACE_BOUND('',#888,.F.);
#888 = EDGE_LOOP('',(#889));
#889 = ORIENTED_EDGE('',*,*,#890,.T.);
#890 = EDGE_CURVE('',#891,#891,#893,.T.);
#891 = VERTEX_POINT('',#892);
#892 = CARTESIAN_POINT('',(3.,-5.,0.));
#893 = CIRCLE('',#894,2.);
#894 = AXIS2_PLACEMENT_3D('',#895,#896,#897);
#895 = CARTESIAN_POINT('',(3.,-3.,0.));
#896 = DIRECTION('',(-0.,0.,-1.));
#897 = DIRECTION('',(-0.,-1.,0.));
#898 = FACE_BOUND('',#899,.F.);
#899 = EDGE_LOOP('',(#900));
#900 = ORIENTED_EDGE('',*,*,#901,.T.);
#901 = EDGE_CURVE('',#902,#902,#904,.T.);
#902 = VERTEX_POINT('',#903);
#903 = CARTESIAN_POINT('',(24.,-5.,0.));
#904 = CIRCLE('',#905,0.5);
#905 = AXIS2_PLACEMENT_3D('',#906,#907,#908);
#906 = CARTESIAN_POINT('',(24.,-4.5,0.));
#907 = DIRECTION('',(-0.,0.,-1.));
#908 = DIRECTION('',(-0.,-1.,0.));
#909 = FACE_BOUND('',#910,.F.);
#910 = EDGE_LOOP('',(#911));
#911 = ORIENTED_EDGE('',*,*,#912,.T.);
#912 = EDGE_CURVE('',#913,#913,#915,.T.);
#913 = VERTEX_POINT('',#914);
#914 = CARTESIAN_POINT('',(24.,-2.46,0.));
#915 = CIRCLE('',#916,0.5);
#916 = AXIS2_PLACEMENT_3D('',#917,#918,#919);
#917 = CARTESIAN_POINT('',(24.,-1.96,0.));
#918 = DIRECTION('',(-0.,0.,-1.));
#919 = DIRECTION('',(-0.,-1.,0.));
#920 = FACE_BOUND('',#921,.F.);
#921 = EDGE_LOOP('',(#922));
#922 = ORIENTED_EDGE('',*,*,#923,.T.);
#923 = EDGE_CURVE('',#924,#924,#926,.T.);
#924 = VERTEX_POINT('',#925);
#925 = CARTESIAN_POINT('',(26.54,-5.,0.));
#926 = CIRCLE('',#927,0.5);
#927 = AXIS2_PLACEMENT_3D('',#928,#929,#930);
#928 = CARTESIAN_POINT('',(26.54,-4.5,0.));
#929 = DIRECTION('',(-0.,0.,-1.));
#930 = DIRECTION('',(-0.,-1.,0.));
#931 = FACE_BOUND('',#932,.F.);
#932 = EDGE_LOOP('',(#933));
#933 = ORIENTED_EDGE('',*,*,#934,.T.);
#934 = EDGE_CURVE('',#935,#935,#937,.T.);
#935 = VERTEX_POINT('',#936);
#936 = CARTESIAN_POINT('',(29.08,-5.,0.));
#937 = CIRCLE('',#938,0.5);
#938 = AXIS2_PLACEMENT_3D('',#939,#940,#941);
#939 = CARTESIAN_POINT('',(29.08,-4.5,0.));
#940 = DIRECTION('',(-0.,0.,-1.));
#941 = DIRECTION('',(-0.,-1.,0.));
#942 = FACE_BOUND('',#943,.F.);
#943 = EDGE_LOOP('',(#944));
#944 = ORIENTED_EDGE('',*,*,#945,.T.);
#945 = EDGE_CURVE('',#946,#946,#948,.T.);
#946 = VERTEX_POINT('',#947);
#947 = CARTESIAN_POINT('',(26.54,-2.46,0.));
#948 = CIRCLE('',#949,0.5);
#949 = AXIS2_PLACEMENT_3D('',#950,#951,#952);
#950 = CARTESIAN_POINT('',(26.54,-1.96,0.));
#951 = DIRECTION('',(-0.,0.,-1.));
#952 = DIRECTION('',(-0.,-1.,0.));
#953 = FACE_BOUND('',#954,.F.);
#954 = EDGE_LOOP('',(#955));
#955 = ORIENTED_EDGE('',*,*,#956,.T.);
#956 = EDGE_CURVE('',#957,#957,#959,.T.);
#957 = VERTEX_POINT('',#958);
#958 = CARTESIAN_POINT('',(29.08,-2.46,0.));
#959 = CIRCLE('',#960,0.5);
#960 = AXIS2_PLACEMENT_3D('',#961,#962,#963);
#961 = CARTESIAN_POINT('',(29.08,-1.96,0.));
#962 = DIRECTION('',(-0.,0.,-1.));
#963 = DIRECTION('',(-0.,-1.,0.));
#964 = FACE_BOUND('',#965,.F.);
#965 = EDGE_LOOP('',(#966));
#966 = ORIENTED_EDGE('',*,*,#967,.T.);
#967 = EDGE_CURVE('',#968,#968,#970,.T.);
#968 = VERTEX_POINT('',#969);
#969 = CARTESIAN_POINT('',(31.62,-5.,0.));
#970 = CIRCLE('',#971,0.5);
#971 = AXIS2_PLACEMENT_3D('',#972,#973,#974);
#972 = CARTESIAN_POINT('',(31.62,-4.5,0.));
#973 = DIRECTION('',(-0.,0.,-1.));
#974 = DIRECTION('',(7.105427357601E-15,-1.,-0.));
#975 = FACE_BOUND('',#976,.F.);
#976 = EDGE_LOOP('',(#977));
#977 = ORIENTED_EDGE('',*,*,#978,.T.);
#978 = EDGE_CURVE('',#979,#979,#981,.T.);
#979 = VERTEX_POINT('',#980);
#980 = CARTESIAN_POINT('',(34.16,-5.,0.));
#981 = CIRCLE('',#982,0.5);
#982 = AXIS2_PLACEMENT_3D('',#983,#984,#985);
#983 = CARTESIAN_POINT('',(34.16,-4.5,0.));
#984 = DIRECTION('',(-0.,0.,-1.));
#985 = DIRECTION('',(-0.,-1.,0.));
#986 = FACE_BOUND('',#987,.F.);
#987 = EDGE_LOOP('',(#988));
#988 = ORIENTED_EDGE('',*,*,#989,.T.);
#989 = EDGE_CURVE('',#990,#990,#992,.T.);
#990 = VERTEX_POINT('',#991);
#991 = CARTESIAN_POINT('',(31.62,-2.46,0.));
#992 = CIRCLE('',#993,0.5);
#993 = AXIS2_PLACEMENT_3D('',#994,#995,#996);
#994 = CARTESIAN_POINT('',(31.62,-1.96,0.));
#995 = DIRECTION('',(-0.,0.,-1.));
#996 = DIRECTION('',(7.105427357601E-15,-1.,-0.));
#997 = FACE_BOUND('',#998,.F.);
#998 = EDGE_LOOP('',(#999));
#999 = ORIENTED_EDGE('',*,*,#1000,.T.);
#1000 = EDGE_CURVE('',#1001,#1001,#1003,.T.);
#1001 = VERTEX_POINT('',#1002);
#1002 = CARTESIAN_POINT('',(34.16,-2.46,0.));
#1003 = CIRCLE('',#1004,0.5);
#1004 = AXIS2_PLACEMENT_3D('',#1005,#1006,#1007);
#1005 = CARTESIAN_POINT('',(34.16,-1.96,0.));
#1006 = DIRECTION('',(-0.,0.,-1.));
#1007 = DIRECTION('',(-0.,-1.,0.));
#1008 = FACE_BOUND('',#1009,.F.);
#1009 = EDGE_LOOP('',(#1010));
#1010 = ORIENTED_EDGE('',*,*,#1011,.T.);
#1011 = EDGE_CURVE('',#1012,#1012,#1014,.T.);
#1012 = VERTEX_POINT('',#1013);
#1013 = CARTESIAN_POINT('',(36.7,-5.,0.));
#1014 = CIRCLE('',#1015,0.5);
#1015 = AXIS2_PLACEMENT_3D('',#1016,#1017,#1018);
#1016 = CARTESIAN_POINT('',(36.7,-4.5,0.));
#1017 = DIRECTION('',(-0.,0.,-1.));
#1018 = DIRECTION('',(-0.,-1.,0.));
#1019 = FACE_BOUND('',#1020,.F.);
#1020 = EDGE_LOOP('',(#1021));
#1021 = ORIENTED_EDGE('',*,*,#1022,.T.);
#1022 = EDGE_CURVE('',#1023,#1023,#1025,.T.);
#1023 = VERTEX_POINT('',#1024);
#1024 = CARTESIAN_POINT('',(39.24,-5.,0.));
#1025 = CIRCLE('',#1026,0.5);
#1026 = AXIS2_PLACEMENT_3D('',#1027,#1028,#1029);
#1027 = CARTESIAN_POINT('',(39.24,-4.5,0.));
#1028 = DIRECTION('',(-0.,0.,-1.));
#1029 = DIRECTION('',(-0.,-1.,0.));
#1030 = FACE_BOUND('',#1031,.F.);
#1031 = EDGE_LOOP('',(#1032));
#1032 = ORIENTED_EDGE('',*,*,#1033,.T.);
#1033 = EDGE_CURVE('',#1034,#1034,#1036,.T.);
#1034 = VERTEX_POINT('',#1035);
#1035 = CARTESIAN_POINT('',(41.78,-5.,0.));
#1036 = CIRCLE('',#1037,0.5);
#1037 = AXIS2_PLACEMENT_3D('',#1038,#1039,#1040);
#1038 = CARTESIAN_POINT('',(41.78,-4.5,0.));
#1039 = DIRECTION('',(-0.,0.,-1.));
#1040 = DIRECTION('',(-0.,-1.,0.));
#1041 = FACE_BOUND('',#1042,.F.);
#1042 = EDGE_LOOP('',(#1043));
#1043 = ORIENTED_EDGE('',*,*,#1044,.T.);
#1044 = EDGE_CURVE('',#1045,#1045,#1047,.T.);
#1045 = VERTEX_POINT('',#1046);
#1046 = CARTESIAN_POINT('',(36.7,-2.46,0.));
#1047 = CIRCLE('',#1048,0.5);
#1048 = AXIS2_PLACEMENT_3D('',#1049,#1050,#1051);
#1049 = CARTESIAN_POINT('',(36.7,-1.96,0.));
#1050 = DIRECTION('',(-0.,0.,-1.));
#1051 = DIRECTION('',(-0.,-1.,0.));
#1052 = FACE_BOUND('',#1053,.F.);
#1053 = EDGE_LOOP('',(#1054));
#1054 = ORIENTED_EDGE('',*,*,#1055,.T.);
#1055 = EDGE_CURVE('',#1056,#1056,#1058,.T.);
#1056 = VERTEX_POINT('',#1057);
#1057 = CARTESIAN_POINT('',(39.24,-2.46,0.));
#1058 = CIRCLE('',#1059,0.5);
#1059 = AXIS2_PLACEMENT_3D('',#1060,#1061,#1062);
#1060 = CARTESIAN_POINT('',(39.24,-1.96,0.));
#1061 = DIRECTION('',(-0.,0.,-1.));
#1062 = DIRECTION('',(-0.,-1.,0.));
#1063 = FACE_BOUND('',#1064,.F.);
#1064 = EDGE_LOOP('',(#1065));
#1065 = ORIENTED_EDGE('',*,*,#1066,.T.);
#1066 = EDGE_CURVE('',#1067,#1067,#1069,.T.);
#1067 = VERTEX_POINT('',#1068);
#1068 = CARTESIAN_POINT('',(41.78,-2.46,0.));
#1069 = CIRCLE('',#1070,0.5);
#1070 = AXIS2_PLACEMENT_3D('',#1071,#1072,#1073);
#1071 = CARTESIAN_POINT('',(41.78,-1.96,0.));
#1072 = DIRECTION('',(-0.,0.,-1.));
#1073 = DIRECTION('',(-0.,-1.,0.));
#1074 = FACE_BOUND('',#1075,.F.);
#1075 = EDGE_LOOP('',(#1076));
#1076 = ORIENTED_EDGE('',*,*,#1077,.T.);
#1077 = EDGE_CURVE('',#1078,#1078,#1080,.T.);
#1078 = VERTEX_POINT('',#1079);
#1079 = CARTESIAN_POINT('',(44.32,-5.,0.));
#1080 = CIRCLE('',#1081,0.5);
#1081 = AXIS2_PLACEMENT_3D('',#1082,#1083,#1084);
#1082 = CARTESIAN_POINT('',(44.32,-4.5,0.));
#1083 = DIRECTION('',(-0.,0.,-1.));
#1084 = DIRECTION('',(-0.,-1.,0.));
#1085 = FACE_BOUND('',#1086,.F.);
#1086 = EDGE_LOOP('',(#1087));
#1087 = ORIENTED_EDGE('',*,*,#1088,.T.);
#1088 = EDGE_CURVE('',#1089,#1089,#1091,.T.);
#1089 = VERTEX_POINT('',#1090);
#1090 = CARTESIAN_POINT('',(46.86,-5.,0.));
#1091 = CIRCLE('',#1092,0.5);
#1092 = AXIS2_PLACEMENT_3D('',#1093,#1094,#1095);
#1093 = CARTESIAN_POINT('',(46.86,-4.5,0.));
#1094 = DIRECTION('',(-0.,0.,-1.));
#1095 = DIRECTION('',(-0.,-1.,0.));
#1096 = FACE_BOUND('',#1097,.F.);
#1097 = EDGE_LOOP('',(#1098));
#1098 = ORIENTED_EDGE('',*,*,#1099,.T.);
#1099 = EDGE_CURVE('',#1100,#1100,#1102,.T.);
#1100 = VERTEX_POINT('',#1101);
#1101 = CARTESIAN_POINT('',(44.32,-2.46,0.));
#1102 = CIRCLE('',#1103,0.5);
#1103 = AXIS2_PLACEMENT_3D('',#1104,#1105,#1106);
#1104 = CARTESIAN_POINT('',(44.32,-1.96,0.));
#1105 = DIRECTION('',(-0.,0.,-1.));
#1106 = DIRECTION('',(-0.,-1.,0.));
#1107 = FACE_BOUND('',#1108,.F.);
#1108 = EDGE_LOOP('',(#1109));
#1109 = ORIENTED_EDGE('',*,*,#1110,.T.);
#1110 = EDGE_CURVE('',#1111,#1111,#1113,.T.);
#1111 = VERTEX_POINT('',#1112);
#1112 = CARTESIAN_POINT('',(46.86,-2.46,0.));
#1113 = CIRCLE('',#1114,0.5);
#1114 = AXIS2_PLACEMENT_3D('',#1115,#1116,#1117);
#1115 = CARTESIAN_POINT('',(46.86,-1.96,0.));
#1116 = DIRECTION('',(-0.,0.,-1.));
#1117 = DIRECTION('',(-0.,-1.,0.));
#1118 = FACE_BOUND('',#1119,.F.);
#1119 = EDGE_LOOP('',(#1120));
#1120 = ORIENTED_EDGE('',*,*,#1121,.T.);
#1121 = EDGE_CURVE('',#1122,#1122,#1124,.T.);
#1122 = VERTEX_POINT('',#1123);
#1123 = CARTESIAN_POINT('',(49.5,-25.65,0.));
#1124 = CIRCLE('',#1125,0.15);
#1125 = AXIS2_PLACEMENT_3D('',#1126,#1127,#1128);
#1126 = CARTESIAN_POINT('',(49.5,-25.5,0.));
#1127 = DIRECTION('',(-0.,0.,-1.));
#1128 = DIRECTION('',(-0.,-1.,0.));
#1129 = FACE_BOUND('',#1130,.F.);
#1130 = EDGE_LOOP('',(#1131));
#1131 = ORIENTED_EDGE('',*,*,#1132,.T.);
#1132 = EDGE_CURVE('',#1133,#1133,#1135,.T.);
#1133 = VERTEX_POINT('',#1134);
#1134 = CARTESIAN_POINT('',(50.5,-25.65,0.));
#1135 = CIRCLE('',#1136,0.15);
#1136 = AXIS2_PLACEMENT_3D('',#1137,#1138,#1139);
#1137 = CARTESIAN_POINT('',(50.5,-25.5,0.));
#1138 = DIRECTION('',(-0.,0.,-1.));
#1139 = DIRECTION('',(-0.,-1.,0.));
#1140 = FACE_BOUND('',#1141,.F.);
#1141 = EDGE_LOOP('',(#1142));
#1142 = ORIENTED_EDGE('',*,*,#1143,.T.);
#1143 = EDGE_CURVE('',#1144,#1144,#1146,.T.);
#1144 = VERTEX_POINT('',#1145);
#1145 = CARTESIAN_POINT('',(51.5,-25.65,0.));
#1146 = CIRCLE('',#1147,0.15);
#1147 = AXIS2_PLACEMENT_3D('',#1148,#1149,#1150);
#1148 = CARTESIAN_POINT('',(51.5,-25.5,0.));
#1149 = DIRECTION('',(-0.,0.,-1.));
#1150 = DIRECTION('',(-0.,-1.,0.));
#1151 = FACE_BOUND('',#1152,.F.);
#1152 = EDGE_LOOP('',(#1153));
#1153 = ORIENTED_EDGE('',*,*,#1154,.T.);
#1154 = EDGE_CURVE('',#1155,#1155,#1157,.T.);
#1155 = VERTEX_POINT('',#1156);
#1156 = CARTESIAN_POINT('',(52.5,-25.65,0.));
#1157 = CIRCLE('',#1158,0.15);
#1158 = AXIS2_PLACEMENT_3D('',#1159,#1160,#1161);
#1159 = CARTESIAN_POINT('',(52.5,-25.5,0.));
#1160 = DIRECTION('',(-0.,0.,-1.));
#1161 = DIRECTION('',(-0.,-1.,0.));
#1162 = FACE_BOUND('',#1163,.F.);
#1163 = EDGE_LOOP('',(#1164));
#1164 = ORIENTED_EDGE('',*,*,#1165,.T.);
#1165 = EDGE_CURVE('',#1166,#1166,#1168,.T.);
#1166 = VERTEX_POINT('',#1167);
#1167 = CARTESIAN_POINT('',(53.49,-25.66,0.));
#1168 = CIRCLE('',#1169,0.15);
#1169 = AXIS2_PLACEMENT_3D('',#1170,#1171,#1172);
#1170 = CARTESIAN_POINT('',(53.49,-25.51,0.));
#1171 = DIRECTION('',(-0.,0.,-1.));
#1172 = DIRECTION('',(-0.,-1.,0.));
#1173 = FACE_BOUND('',#1174,.F.);
#1174 = EDGE_LOOP('',(#1175));
#1175 = ORIENTED_EDGE('',*,*,#1176,.T.);
#1176 = EDGE_CURVE('',#1177,#1177,#1179,.T.);
#1177 = VERTEX_POINT('',#1178);
#1178 = CARTESIAN_POINT('',(62.16125,-30.215,0.));
#1179 = CIRCLE('',#1180,0.15);
#1180 = AXIS2_PLACEMENT_3D('',#1181,#1182,#1183);
#1181 = CARTESIAN_POINT('',(62.16125,-30.065,0.));
#1182 = DIRECTION('',(-0.,0.,-1.));
#1183 = DIRECTION('',(4.736951571734E-14,-1.,-0.));
#1184 = FACE_BOUND('',#1185,.F.);
#1185 = EDGE_LOOP('',(#1186));
#1186 = ORIENTED_EDGE('',*,*,#1187,.T.);
#1187 = EDGE_CURVE('',#1188,#1188,#1190,.T.);
#1188 = VERTEX_POINT('',#1189);
#1189 = CARTESIAN_POINT('',(65.18,-27.4125,0.));
#1190 = CIRCLE('',#1191,0.15);
#1191 = AXIS2_PLACEMENT_3D('',#1192,#1193,#1194);
#1192 = CARTESIAN_POINT('',(65.18,-27.2625,0.));
#1193 = DIRECTION('',(-0.,0.,-1.));
#1194 = DIRECTION('',(-0.,-1.,0.));
#1195 = FACE_BOUND('',#1196,.F.);
#1196 = EDGE_LOOP('',(#1197));
#1197 = ORIENTED_EDGE('',*,*,#1198,.T.);
#1198 = EDGE_CURVE('',#1199,#1199,#1201,.T.);
#1199 = VERTEX_POINT('',#1200);
#1200 = CARTESIAN_POINT('',(60.94,-25.94,0.));
#1201 = CIRCLE('',#1202,0.15);
#1202 = AXIS2_PLACEMENT_3D('',#1203,#1204,#1205);
#1203 = CARTESIAN_POINT('',(60.94,-25.79,0.));
#1204 = DIRECTION('',(-0.,0.,-1.));
#1205 = DIRECTION('',(-0.,-1.,0.));
#1206 = FACE_BOUND('',#1207,.F.);
#1207 = EDGE_LOOP('',(#1208));
#1208 = ORIENTED_EDGE('',*,*,#1209,.T.);
#1209 = EDGE_CURVE('',#1210,#1210,#1212,.T.);
#1210 = VERTEX_POINT('',#1211);
#1211 = CARTESIAN_POINT('',(49.53,-23.6,0.));
#1212 = CIRCLE('',#1213,0.15);
#1213 = AXIS2_PLACEMENT_3D('',#1214,#1215,#1216);
#1214 = CARTESIAN_POINT('',(49.53,-23.45,0.));
#1215 = DIRECTION('',(-0.,0.,-1.));
#1216 = DIRECTION('',(-0.,-1.,0.));
#1217 = FACE_BOUND('',#1218,.F.);
#1218 = EDGE_LOOP('',(#1219));
#1219 = ORIENTED_EDGE('',*,*,#1220,.T.);
#1220 = EDGE_CURVE('',#1221,#1221,#1223,.T.);
#1221 = VERTEX_POINT('',#1222);
#1222 = CARTESIAN_POINT('',(50.53,-23.6,0.));
#1223 = CIRCLE('',#1224,0.15);
#1224 = AXIS2_PLACEMENT_3D('',#1225,#1226,#1227);
#1225 = CARTESIAN_POINT('',(50.53,-23.45,0.));
#1226 = DIRECTION('',(-0.,0.,-1.));
#1227 = DIRECTION('',(-0.,-1.,0.));
#1228 = FACE_BOUND('',#1229,.F.);
#1229 = EDGE_LOOP('',(#1230));
#1230 = ORIENTED_EDGE('',*,*,#1231,.T.);
#1231 = EDGE_CURVE('',#1232,#1232,#1234,.T.);
#1232 = VERTEX_POINT('',#1233);
#1233 = CARTESIAN_POINT('',(51.53,-23.6,0.));
#1234 = CIRCLE('',#1235,0.15);
#1235 = AXIS2_PLACEMENT_3D('',#1236,#1237,#1238);
#1236 = CARTESIAN_POINT('',(51.53,-23.45,0.));
#1237 = DIRECTION('',(-0.,0.,-1.));
#1238 = DIRECTION('',(-0.,-1.,0.));
#1239 = FACE_BOUND('',#1240,.F.);
#1240 = EDGE_LOOP('',(#1241));
#1241 = ORIENTED_EDGE('',*,*,#1242,.T.);
#1242 = EDGE_CURVE('',#1243,#1243,#1245,.T.);
#1243 = VERTEX_POINT('',#1244);
#1244 = CARTESIAN_POINT('',(52.53,-23.6,0.));
#1245 = CIRCLE('',#1246,0.15);
#1246 = AXIS2_PLACEMENT_3D('',#1247,#1248,#1249);
#1247 = CARTESIAN_POINT('',(52.53,-23.45,0.));
#1248 = DIRECTION('',(-0.,0.,-1.));
#1249 = DIRECTION('',(-0.,-1.,0.));
#1250 = FACE_BOUND('',#1251,.F.);
#1251 = EDGE_LOOP('',(#1252));
#1252 = ORIENTED_EDGE('',*,*,#1253,.T.);
#1253 = EDGE_CURVE('',#1254,#1254,#1256,.T.);
#1254 = VERTEX_POINT('',#1255);
#1255 = CARTESIAN_POINT('',(53.52,-23.61,0.));
#1256 = CIRCLE('',#1257,0.15);
#1257 = AXIS2_PLACEMENT_3D('',#1258,#1259,#1260);
#1258 = CARTESIAN_POINT('',(53.52,-23.46,0.));
#1259 = DIRECTION('',(-0.,0.,-1.));
#1260 = DIRECTION('',(4.736951571734E-14,-1.,-0.));
#1261 = FACE_BOUND('',#1262,.F.);
#1262 = EDGE_LOOP('',(#1263));
#1263 = ORIENTED_EDGE('',*,*,#1264,.T.);
#1264 = EDGE_CURVE('',#1265,#1265,#1267,.T.);
#1265 = VERTEX_POINT('',#1266);
#1266 = CARTESIAN_POINT('',(51.5,-21.43,0.));
#1267 = CIRCLE('',#1268,0.15);
#1268 = AXIS2_PLACEMENT_3D('',#1269,#1270,#1271);
#1269 = CARTESIAN_POINT('',(51.5,-21.28,0.));
#1270 = DIRECTION('',(-0.,0.,-1.));
#1271 = DIRECTION('',(-0.,-1.,0.));
#1272 = FACE_BOUND('',#1273,.F.);
#1273 = EDGE_LOOP('',(#1274));
#1274 = ORIENTED_EDGE('',*,*,#1275,.T.);
#1275 = EDGE_CURVE('',#1276,#1276,#1278,.T.);
#1276 = VERTEX_POINT('',#1277);
#1277 = CARTESIAN_POINT('',(60.52,-19.44,0.));
#1278 = CIRCLE('',#1279,0.15);
#1279 = AXIS2_PLACEMENT_3D('',#1280,#1281,#1282);
#1280 = CARTESIAN_POINT('',(60.52,-19.29,0.));
#1281 = DIRECTION('',(-0.,0.,-1.));
#1282 = DIRECTION('',(4.736951571734E-14,-1.,-0.));
#1283 = FACE_BOUND('',#1284,.F.);
#1284 = EDGE_LOOP('',(#1285));
#1285 = ORIENTED_EDGE('',*,*,#1286,.T.);
#1286 = EDGE_CURVE('',#1287,#1287,#1289,.T.);
#1287 = VERTEX_POINT('',#1288);
#1288 = CARTESIAN_POINT('',(51.57,-15.26,0.));
#1289 = CIRCLE('',#1290,0.15);
#1290 = AXIS2_PLACEMENT_3D('',#1291,#1292,#1293);
#1291 = CARTESIAN_POINT('',(51.57,-15.11,0.));
#1292 = DIRECTION('',(-0.,0.,-1.));
#1293 = DIRECTION('',(-0.,-1.,0.));
#1294 = FACE_BOUND('',#1295,.F.);
#1295 = EDGE_LOOP('',(#1296));
#1296 = ORIENTED_EDGE('',*,*,#1297,.T.);
#1297 = EDGE_CURVE('',#1298,#1298,#1300,.T.);
#1298 = VERTEX_POINT('',#1299);
#1299 = CARTESIAN_POINT('',(49.4,-5.,0.));
#1300 = CIRCLE('',#1301,0.5);
#1301 = AXIS2_PLACEMENT_3D('',#1302,#1303,#1304);
#1302 = CARTESIAN_POINT('',(49.4,-4.5,0.));
#1303 = DIRECTION('',(-0.,0.,-1.));
#1304 = DIRECTION('',(-0.,-1.,0.));
#1305 = FACE_BOUND('',#1306,.F.);
#1306 = EDGE_LOOP('',(#1307));
#1307 = ORIENTED_EDGE('',*,*,#1308,.T.);
#1308 = EDGE_CURVE('',#1309,#1309,#1311,.T.);
#1309 = VERTEX_POINT('',#1310);
#1310 = CARTESIAN_POINT('',(51.94,-5.,0.));
#1311 = CIRCLE('',#1312,0.5);
#1312 = AXIS2_PLACEMENT_3D('',#1313,#1314,#1315);
#1313 = CARTESIAN_POINT('',(51.94,-4.5,0.));
#1314 = DIRECTION('',(-0.,0.,-1.));
#1315 = DIRECTION('',(-0.,-1.,0.));
#1316 = FACE_BOUND('',#1317,.F.);
#1317 = EDGE_LOOP('',(#1318));
#1318 = ORIENTED_EDGE('',*,*,#1319,.T.);
#1319 = EDGE_CURVE('',#1320,#1320,#1322,.T.);
#1320 = VERTEX_POINT('',#1321);
#1321 = CARTESIAN_POINT('',(49.4,-2.46,0.));
#1322 = CIRCLE('',#1323,0.5);
#1323 = AXIS2_PLACEMENT_3D('',#1324,#1325,#1326);
#1324 = CARTESIAN_POINT('',(49.4,-1.96,0.));
#1325 = DIRECTION('',(-0.,0.,-1.));
#1326 = DIRECTION('',(-0.,-1.,0.));
#1327 = FACE_BOUND('',#1328,.F.);
#1328 = EDGE_LOOP('',(#1329));
#1329 = ORIENTED_EDGE('',*,*,#1330,.T.);
#1330 = EDGE_CURVE('',#1331,#1331,#1333,.T.);
#1331 = VERTEX_POINT('',#1332);
#1332 = CARTESIAN_POINT('',(51.94,-2.46,0.));
#1333 = CIRCLE('',#1334,0.5);
#1334 = AXIS2_PLACEMENT_3D('',#1335,#1336,#1337);
#1335 = CARTESIAN_POINT('',(51.94,-1.96,0.));
#1336 = DIRECTION('',(-0.,0.,-1.));
#1337 = DIRECTION('',(-0.,-1.,0.));
#1338 = FACE_BOUND('',#1339,.F.);
#1339 = EDGE_LOOP('',(#1340));
#1340 = ORIENTED_EDGE('',*,*,#1341,.T.);
#1341 = EDGE_CURVE('',#1342,#1342,#1344,.T.);
#1342 = VERTEX_POINT('',#1343);
#1343 = CARTESIAN_POINT('',(54.48,-5.,0.));
#1344 = CIRCLE('',#1345,0.5);
#1345 = AXIS2_PLACEMENT_3D('',#1346,#1347,#1348);
#1346 = CARTESIAN_POINT('',(54.48,-4.5,0.));
#1347 = DIRECTION('',(-0.,0.,-1.));
#1348 = DIRECTION('',(-0.,-1.,0.));
#1349 = FACE_BOUND('',#1350,.F.);
#1350 = EDGE_LOOP('',(#1351));
#1351 = ORIENTED_EDGE('',*,*,#1352,.T.);
#1352 = EDGE_CURVE('',#1353,#1353,#1355,.T.);
#1353 = VERTEX_POINT('',#1354);
#1354 = CARTESIAN_POINT('',(57.02,-5.,0.));
#1355 = CIRCLE('',#1356,0.5);
#1356 = AXIS2_PLACEMENT_3D('',#1357,#1358,#1359);
#1357 = CARTESIAN_POINT('',(57.02,-4.5,0.));
#1358 = DIRECTION('',(-0.,0.,-1.));
#1359 = DIRECTION('',(-0.,-1.,0.));
#1360 = FACE_BOUND('',#1361,.F.);
#1361 = EDGE_LOOP('',(#1362));
#1362 = ORIENTED_EDGE('',*,*,#1363,.T.);
#1363 = EDGE_CURVE('',#1364,#1364,#1366,.T.);
#1364 = VERTEX_POINT('',#1365);
#1365 = CARTESIAN_POINT('',(59.56,-5.,0.));
#1366 = CIRCLE('',#1367,0.5);
#1367 = AXIS2_PLACEMENT_3D('',#1368,#1369,#1370);
#1368 = CARTESIAN_POINT('',(59.56,-4.5,0.));
#1369 = DIRECTION('',(-0.,0.,-1.));
#1370 = DIRECTION('',(-0.,-1.,0.));
#1371 = FACE_BOUND('',#1372,.F.);
#1372 = EDGE_LOOP('',(#1373));
#1373 = ORIENTED_EDGE('',*,*,#1374,.T.);
#1374 = EDGE_CURVE('',#1375,#1375,#1377,.T.);
#1375 = VERTEX_POINT('',#1376);
#1376 = CARTESIAN_POINT('',(54.48,-2.46,0.));
#1377 = CIRCLE('',#1378,0.5);
#1378 = AXIS2_PLACEMENT_3D('',#1379,#1380,#1381);
#1379 = CARTESIAN_POINT('',(54.48,-1.96,0.));
#1380 = DIRECTION('',(-0.,0.,-1.));
#1381 = DIRECTION('',(-0.,-1.,0.));
#1382 = FACE_BOUND('',#1383,.F.);
#1383 = EDGE_LOOP('',(#1384));
#1384 = ORIENTED_EDGE('',*,*,#1385,.T.);
#1385 = EDGE_CURVE('',#1386,#1386,#1388,.T.);
#1386 = VERTEX_POINT('',#1387);
#1387 = CARTESIAN_POINT('',(57.02,-2.46,0.));
#1388 = CIRCLE('',#1389,0.5);
#1389 = AXIS2_PLACEMENT_3D('',#1390,#1391,#1392);
#1390 = CARTESIAN_POINT('',(57.02,-1.96,0.));
#1391 = DIRECTION('',(-0.,0.,-1.));
#1392 = DIRECTION('',(-0.,-1.,0.));
#1393 = FACE_BOUND('',#1394,.F.);
#1394 = EDGE_LOOP('',(#1395));
#1395 = ORIENTED_EDGE('',*,*,#1396,.T.);
#1396 = EDGE_CURVE('',#1397,#1397,#1399,.T.);
#1397 = VERTEX_POINT('',#1398);
#1398 = CARTESIAN_POINT('',(59.56,-2.46,0.));
#1399 = CIRCLE('',#1400,0.5);
#1400 = AXIS2_PLACEMENT_3D('',#1401,#1402,#1403);
#1401 = CARTESIAN_POINT('',(59.56,-1.96,0.));
#1402 = DIRECTION('',(-0.,0.,-1.));
#1403 = DIRECTION('',(-0.,-1.,0.));
#1404 = FACE_BOUND('',#1405,.F.);
#1405 = EDGE_LOOP('',(#1406));
#1406 = ORIENTED_EDGE('',*,*,#1407,.T.);
#1407 = EDGE_CURVE('',#1408,#1408,#1410,.T.);
#1408 = VERTEX_POINT('',#1409);
#1409 = CARTESIAN_POINT('',(62.1,-5.,0.));
#1410 = CIRCLE('',#1411,0.5);
#1411 = AXIS2_PLACEMENT_3D('',#1412,#1413,#1414);
#1412 = CARTESIAN_POINT('',(62.1,-4.5,0.));
#1413 = DIRECTION('',(-0.,0.,-1.));
#1414 = DIRECTION('',(-0.,-1.,0.));
#1415 = FACE_BOUND('',#1416,.F.);
#1416 = EDGE_LOOP('',(#1417));
#1417 = ORIENTED_EDGE('',*,*,#1418,.T.);
#1418 = EDGE_CURVE('',#1419,#1419,#1421,.T.);
#1419 = VERTEX_POINT('',#1420);
#1420 = CARTESIAN_POINT('',(64.64,-5.,0.));
#1421 = CIRCLE('',#1422,0.5);
#1422 = AXIS2_PLACEMENT_3D('',#1423,#1424,#1425);
#1423 = CARTESIAN_POINT('',(64.64,-4.5,0.));
#1424 = DIRECTION('',(-0.,0.,-1.));
#1425 = DIRECTION('',(-0.,-1.,0.));
#1426 = FACE_BOUND('',#1427,.F.);
#1427 = EDGE_LOOP('',(#1428));
#1428 = ORIENTED_EDGE('',*,*,#1429,.T.);
#1429 = EDGE_CURVE('',#1430,#1430,#1432,.T.);
#1430 = VERTEX_POINT('',#1431);
#1431 = CARTESIAN_POINT('',(62.1,-2.46,0.));
#1432 = CIRCLE('',#1433,0.5);
#1433 = AXIS2_PLACEMENT_3D('',#1434,#1435,#1436);
#1434 = CARTESIAN_POINT('',(62.1,-1.96,0.));
#1435 = DIRECTION('',(-0.,0.,-1.));
#1436 = DIRECTION('',(-0.,-1.,0.));
#1437 = FACE_BOUND('',#1438,.F.);
#1438 = EDGE_LOOP('',(#1439));
#1439 = ORIENTED_EDGE('',*,*,#1440,.T.);
#1440 = EDGE_CURVE('',#1441,#1441,#1443,.T.);
#1441 = VERTEX_POINT('',#1442);
#1442 = CARTESIAN_POINT('',(64.64,-2.46,0.));
#1443 = CIRCLE('',#1444,0.5);
#1444 = AXIS2_PLACEMENT_3D('',#1445,#1446,#1447);
#1445 = CARTESIAN_POINT('',(64.64,-1.96,0.));
#1446 = DIRECTION('',(-0.,0.,-1.));
#1447 = DIRECTION('',(-0.,-1.,0.));
#1448 = FACE_BOUND('',#1449,.F.);
#1449 = EDGE_LOOP('',(#1450));
#1450 = ORIENTED_EDGE('',*,*,#1451,.T.);
#1451 = EDGE_CURVE('',#1452,#1452,#1454,.T.);
#1452 = VERTEX_POINT('',#1453);
#1453 = CARTESIAN_POINT('',(67.18,-5.,0.));
#1454 = CIRCLE('',#1455,0.5);
#1455 = AXIS2_PLACEMENT_3D('',#1456,#1457,#1458);
#1456 = CARTESIAN_POINT('',(67.18,-4.5,0.));
#1457 = DIRECTION('',(-0.,0.,-1.));
#1458 = DIRECTION('',(-0.,-1.,0.));
#1459 = FACE_BOUND('',#1460,.F.);
#1460 = EDGE_LOOP('',(#1461));
#1461 = ORIENTED_EDGE('',*,*,#1462,.T.);
#1462 = EDGE_CURVE('',#1463,#1463,#1465,.T.);
#1463 = VERTEX_POINT('',#1464);
#1464 = CARTESIAN_POINT('',(69.72,-5.,0.));
#1465 = CIRCLE('',#1466,0.5);
#1466 = AXIS2_PLACEMENT_3D('',#1467,#1468,#1469);
#1467 = CARTESIAN_POINT('',(69.72,-4.5,0.));
#1468 = DIRECTION('',(-0.,0.,-1.));
#1469 = DIRECTION('',(-0.,-1.,0.));
#1470 = FACE_BOUND('',#1471,.F.);
#1471 = EDGE_LOOP('',(#1472));
#1472 = ORIENTED_EDGE('',*,*,#1473,.T.);
#1473 = EDGE_CURVE('',#1474,#1474,#1476,.T.);
#1474 = VERTEX_POINT('',#1475);
#1475 = CARTESIAN_POINT('',(67.18,-2.46,0.));
#1476 = CIRCLE('',#1477,0.5);
#1477 = AXIS2_PLACEMENT_3D('',#1478,#1479,#1480);
#1478 = CARTESIAN_POINT('',(67.18,-1.96,0.));
#1479 = DIRECTION('',(-0.,0.,-1.));
#1480 = DIRECTION('',(-0.,-1.,0.));
#1481 = FACE_BOUND('',#1482,.F.);
#1482 = EDGE_LOOP('',(#1483));
#1483 = ORIENTED_EDGE('',*,*,#1484,.T.);
#1484 = EDGE_CURVE('',#1485,#1485,#1487,.T.);
#1485 = VERTEX_POINT('',#1486);
#1486 = CARTESIAN_POINT('',(69.72,-2.46,0.));
#1487 = CIRCLE('',#1488,0.5);
#1488 = AXIS2_PLACEMENT_3D('',#1489,#1490,#1491);
#1489 = CARTESIAN_POINT('',(69.72,-1.96,0.));
#1490 = DIRECTION('',(-0.,0.,-1.));
#1491 = DIRECTION('',(-0.,-1.,0.));
#1492 = FACE_BOUND('',#1493,.F.);
#1493 = EDGE_LOOP('',(#1494));
#1494 = ORIENTED_EDGE('',*,*,#1495,.T.);
#1495 = EDGE_CURVE('',#1496,#1496,#1498,.T.);
#1496 = VERTEX_POINT('',#1497);
#1497 = CARTESIAN_POINT('',(72.26,-5.,0.));
#1498 = CIRCLE('',#1499,0.5);
#1499 = AXIS2_PLACEMENT_3D('',#1500,#1501,#1502);
#1500 = CARTESIAN_POINT('',(72.26,-4.5,0.));
#1501 = DIRECTION('',(-0.,0.,-1.));
#1502 = DIRECTION('',(-0.,-1.,0.));
#1503 = FACE_BOUND('',#1504,.F.);
#1504 = EDGE_LOOP('',(#1505));
#1505 = ORIENTED_EDGE('',*,*,#1506,.T.);
#1506 = EDGE_CURVE('',#1507,#1507,#1509,.T.);
#1507 = VERTEX_POINT('',#1508);
#1508 = CARTESIAN_POINT('',(72.26,-2.46,0.));
#1509 = CIRCLE('',#1510,0.5);
#1510 = AXIS2_PLACEMENT_3D('',#1511,#1512,#1513);
#1511 = CARTESIAN_POINT('',(72.26,-1.96,0.));
#1512 = DIRECTION('',(-0.,0.,-1.));
#1513 = DIRECTION('',(-0.,-1.,0.));
#1514 = FACE_BOUND('',#1515,.F.);
#1515 = EDGE_LOOP('',(#1516));
#1516 = ORIENTED_EDGE('',*,*,#1517,.T.);
#1517 = EDGE_CURVE('',#1518,#1518,#1520,.T.);
#1518 = VERTEX_POINT('',#1519);
#1519 = CARTESIAN_POINT('',(94.,-5.,0.));
#1520 = CIRCLE('',#1521,2.);
#1521 = AXIS2_PLACEMENT_3D('',#1522,#1523,#1524);
#1522 = CARTESIAN_POINT('',(94.,-3.,0.));
#1523 = DIRECTION('',(-0.,0.,-1.));
#1524 = DIRECTION('',(-0.,-1.,0.));
#1525 = PLANE('',#1526);
#1526 = AXIS2_PLACEMENT_3D('',#1527,#1528,#1529);
#1527 = CARTESIAN_POINT('',(0.,0.,0.));
#1528 = DIRECTION('',(0.,0.,1.));
#1529 = DIRECTION('',(1.,0.,-0.));
#1530 = ADVANCED_FACE('',(#1531,#1805,#1816,#1827,#1838,#1849,#1860,
    #1871,#1882,#1893,#1904,#1915,#1926,#1937,#1948,#1959,#1970,#1981,
    #1992,#2003,#2014,#2025,#2036,#2047,#2058,#2069,#2080,#2091,#2102,
    #2113,#2124,#2135,#2146,#2157,#2168,#2179,#2190,#2201,#2212,#2223,
    #2234,#2245,#2256,#2267,#2278,#2289,#2300,#2311,#2322,#2333,#2344,
    #2355,#2366,#2377,#2388,#2399,#2410,#2421,#2432,#2443,#2454,#2465,
    #2476,#2487,#2498,#2509,#2520,#2531,#2542,#2553,#2564,#2575,#2586,
    #2597,#2608,#2619,#2630,#2641,#2652,#2663,#2674,#2685,#2696,#2707,
    #2718,#2729,#2740,#2751,#2762,#2773,#2784,#2795,#2806,#2817,#2828,
    #2839,#2850,#2861,#2872,#2883,#2894,#2905),#2916,.T.);
#1531 = FACE_BOUND('',#1532,.T.);
#1532 = EDGE_LOOP('',(#1533,#1534,#1535,#1544,#1552,#1561,#1569,#1578,
    #1586,#1595,#1603,#1612,#1620,#1629,#1637,#1645,#1654,#1662,#1670,
    #1679,#1687,#1696,#1704,#1713,#1721,#1730,#1738,#1746,#1755,#1763,
    #1772,#1780,#1789,#1797,#1804));
#1533 = ORIENTED_EDGE('',*,*,#49,.F.);
#1534 = ORIENTED_EDGE('',*,*,#91,.F.);
#1535 = ORIENTED_EDGE('',*,*,#1536,.F.);
#1536 = EDGE_CURVE('',#1537,#84,#1539,.T.);
#1537 = VERTEX_POINT('',#1538);
#1538 = CARTESIAN_POINT('',(-0.5,-3.,1.51));
#1539 = CIRCLE('',#1540,3.499999092342);
#1540 = AXIS2_PLACEMENT_3D('',#1541,#1542,#1543);
#1541 = CARTESIAN_POINT('',(2.999999092342,-2.999999092342,1.51));
#1542 = DIRECTION('',(0.,0.,-1.));
#1543 = DIRECTION('',(-1.,-2.593310485767E-07,-0.));
#1544 = ORIENTED_EDGE('',*,*,#1545,.F.);
#1545 = EDGE_CURVE('',#1546,#1537,#1548,.T.);
#1546 = VERTEX_POINT('',#1547);
#1547 = CARTESIAN_POINT('',(-0.5,-6.5,1.51));
#1548 = LINE('',#1549,#1550);
#1549 = CARTESIAN_POINT('',(-0.5,-6.5,1.51));
#1550 = VECTOR('',#1551,1.);
#1551 = DIRECTION('',(0.,1.,0.));
#1552 = ORIENTED_EDGE('',*,*,#1553,.F.);
#1553 = EDGE_CURVE('',#1554,#1546,#1556,.T.);
#1554 = VERTEX_POINT('',#1555);
#1555 = CARTESIAN_POINT('',(3.,-10.,1.51));
#1556 = CIRCLE('',#1557,3.499999092342);
#1557 = AXIS2_PLACEMENT_3D('',#1558,#1559,#1560);
#1558 = CARTESIAN_POINT('',(2.999999092342,-6.500000907658,1.51));
#1559 = DIRECTION('',(0.,0.,-1.));
#1560 = DIRECTION('',(2.593310485767E-07,-1.,0.));
#1561 = ORIENTED_EDGE('',*,*,#1562,.F.);
#1562 = EDGE_CURVE('',#1563,#1554,#1565,.T.);
#1563 = VERTEX_POINT('',#1564);
#1564 = CARTESIAN_POINT('',(9.499999,-10.000001,1.51));
#1565 = LINE('',#1566,#1567);
#1566 = CARTESIAN_POINT('',(9.499999,-10.000001,1.51));
#1567 = VECTOR('',#1568,1.);
#1568 = DIRECTION('',(-1.,1.538461773997E-07,0.));
#1569 = ORIENTED_EDGE('',*,*,#1570,.F.);
#1570 = EDGE_CURVE('',#1571,#1563,#1573,.T.);
#1571 = VERTEX_POINT('',#1572);
#1572 = CARTESIAN_POINT('',(12.999999,-13.500001,1.51));
#1573 = CIRCLE('',#1574,3.499999092342);
#1574 = AXIS2_PLACEMENT_3D('',#1575,#1576,#1577);
#1575 = CARTESIAN_POINT('',(9.499999907658,-13.50000009234,1.51));
#1576 = DIRECTION('',(0.,0.,1.));
#1577 = DIRECTION('',(1.,-2.59331048323E-07,0.));
#1578 = ORIENTED_EDGE('',*,*,#1579,.F.);
#1579 = EDGE_CURVE('',#1580,#1571,#1582,.T.);
#1580 = VERTEX_POINT('',#1581);
#1581 = CARTESIAN_POINT('',(12.956781,-51.425313,1.51));
#1582 = LINE('',#1583,#1584);
#1583 = CARTESIAN_POINT('',(12.956781,-51.425313,1.51));
#1584 = VECTOR('',#1585,1.);
#1585 = DIRECTION('',(1.139554816025E-03,0.999999350707,0.));
#1586 = ORIENTED_EDGE('',*,*,#1587,.F.);
#1587 = EDGE_CURVE('',#1588,#1580,#1590,.T.);
#1588 = VERTEX_POINT('',#1589);
#1589 = CARTESIAN_POINT('',(11.5,-53.,1.51));
#1590 = CIRCLE('',#1591,1.72173577046);
#1591 = AXIS2_PLACEMENT_3D('',#1592,#1593,#1594);
#1592 = CARTESIAN_POINT('',(11.239755309193,-51.29804619211,1.51));
#1593 = DIRECTION('',(0.,0.,1.));
#1594 = DIRECTION('',(0.151152514382,-0.988510453863,0.));
#1595 = ORIENTED_EDGE('',*,*,#1596,.F.);
#1596 = EDGE_CURVE('',#1597,#1588,#1599,.T.);
#1597 = VERTEX_POINT('',#1598);
#1598 = CARTESIAN_POINT('',(11.3,-53.025,1.51));
#1599 = LINE('',#1600,#1601);
#1600 = CARTESIAN_POINT('',(11.3,-53.025,1.51));
#1601 = VECTOR('',#1602,1.);
#1602 = DIRECTION('',(0.992277876714,0.124034734589,0.));
#1603 = ORIENTED_EDGE('',*,*,#1604,.F.);
#1604 = EDGE_CURVE('',#1605,#1597,#1607,.T.);
#1605 = VERTEX_POINT('',#1606);
#1606 = CARTESIAN_POINT('',(8.522543,-56.500278,1.51));
#1607 = CIRCLE('',#1608,3.459118073561);
#1608 = AXIS2_PLACEMENT_3D('',#1609,#1610,#1611);
#1609 = CARTESIAN_POINT('',(11.980646203782,-56.41649208934,1.51));
#1610 = DIRECTION('',(0.,0.,-1.));
#1611 = DIRECTION('',(-0.999706610252,-2.42217550457E-02,-0.));
#1612 = ORIENTED_EDGE('',*,*,#1613,.F.);
#1613 = EDGE_CURVE('',#1614,#1605,#1616,.T.);
#1614 = VERTEX_POINT('',#1615);
#1615 = CARTESIAN_POINT('',(8.5,-63.,1.51));
#1616 = LINE('',#1617,#1618);
#1617 = CARTESIAN_POINT('',(8.5,-63.,1.51));
#1618 = VECTOR('',#1619,1.);
#1619 = DIRECTION('',(3.468281322647E-03,0.999993985494,0.));
#1620 = ORIENTED_EDGE('',*,*,#1621,.F.);
#1621 = EDGE_CURVE('',#1622,#1614,#1624,.T.);
#1622 = VERTEX_POINT('',#1623);
#1623 = CARTESIAN_POINT('',(12.,-66.5,1.51));
#1624 = CIRCLE('',#1625,3.499999092342);
#1625 = AXIS2_PLACEMENT_3D('',#1626,#1627,#1628);
#1626 = CARTESIAN_POINT('',(11.999999092342,-63.00000090765,1.51));
#1627 = DIRECTION('',(0.,0.,-1.));
#1628 = DIRECTION('',(2.59331048323E-07,-1.,0.));
#1629 = ORIENTED_EDGE('',*,*,#1630,.F.);
#1630 = EDGE_CURVE('',#1631,#1622,#1633,.T.);
#1631 = VERTEX_POINT('',#1632);
#1632 = CARTESIAN_POINT('',(16.5,-66.5,1.51));
#1633 = LINE('',#1634,#1635);
#1634 = CARTESIAN_POINT('',(16.5,-66.5,1.51));
#1635 = VECTOR('',#1636,1.);
#1636 = DIRECTION('',(-1.,0.,0.));
#1637 = ORIENTED_EDGE('',*,*,#1638,.F.);
#1638 = EDGE_CURVE('',#1639,#1631,#1641,.T.);
#1639 = VERTEX_POINT('',#1640);
#1640 = CARTESIAN_POINT('',(17.,-66.500218,1.51));
#1641 = LINE('',#1642,#1643);
#1642 = CARTESIAN_POINT('',(17.,-66.500218,1.51));
#1643 = VECTOR('',#1644,1.);
#1644 = DIRECTION('',(-0.999999904952,4.359999585667E-04,0.));
#1645 = ORIENTED_EDGE('',*,*,#1646,.F.);
#1646 = EDGE_CURVE('',#1647,#1639,#1649,.T.);
#1647 = VERTEX_POINT('',#1648);
#1648 = CARTESIAN_POINT('',(20.496903,-63.176879,1.51));
#1649 = CIRCLE('',#1650,3.475046816559);
#1650 = AXIS2_PLACEMENT_3D('',#1651,#1652,#1653);
#1651 = CARTESIAN_POINT('',(17.025165285983,-63.0252623045,1.51));
#1652 = DIRECTION('',(0.,0.,-1.));
#1653 = DIRECTION('',(0.999047753105,-4.363011593783E-02,0.));
#1654 = ORIENTED_EDGE('',*,*,#1655,.F.);
#1655 = EDGE_CURVE('',#1656,#1647,#1658,.T.);
#1656 = VERTEX_POINT('',#1657);
#1657 = CARTESIAN_POINT('',(20.500218,-63.02555,1.51));
#1658 = LINE('',#1659,#1660);
#1659 = CARTESIAN_POINT('',(20.500218,-63.02555,1.51));
#1660 = VECTOR('',#1661,1.);
#1661 = DIRECTION('',(-2.190065951136E-02,-0.999760151793,0.));
#1662 = ORIENTED_EDGE('',*,*,#1663,.F.);
#1663 = EDGE_CURVE('',#1664,#1656,#1666,.T.);
#1664 = VERTEX_POINT('',#1665);
#1665 = CARTESIAN_POINT('',(20.500218,-57.02555,1.51));
#1666 = LINE('',#1667,#1668);
#1667 = CARTESIAN_POINT('',(20.500218,-57.02555,1.51));
#1668 = VECTOR('',#1669,1.);
#1669 = DIRECTION('',(0.,-1.,0.));
#1670 = ORIENTED_EDGE('',*,*,#1671,.F.);
#1671 = EDGE_CURVE('',#1672,#1664,#1674,.T.);
#1672 = VERTEX_POINT('',#1673);
#1673 = CARTESIAN_POINT('',(22.,-55.5,1.51));
#1674 = CIRCLE('',#1675,1.500000030534);
#1675 = AXIS2_PLACEMENT_3D('',#1676,#1677,#1678);
#1676 = CARTESIAN_POINT('',(22.000000414439,-57.00000003053,1.51));
#1677 = DIRECTION('',(0.,0.,1.));
#1678 = DIRECTION('',(-2.762929479289E-07,1.,0.));
#1679 = ORIENTED_EDGE('',*,*,#1680,.F.);
#1680 = EDGE_CURVE('',#1681,#1672,#1683,.T.);
#1681 = VERTEX_POINT('',#1682);
#1682 = CARTESIAN_POINT('',(72.000044,-55.488498,1.51));
#1683 = LINE('',#1684,#1685);
#1684 = CARTESIAN_POINT('',(72.000044,-55.488498,1.51));
#1685 = VECTOR('',#1686,1.);
#1686 = DIRECTION('',(-0.999999973541,-2.300397914783E-04,0.));
#1687 = ORIENTED_EDGE('',*,*,#1688,.F.);
#1688 = EDGE_CURVE('',#1689,#1681,#1691,.T.);
#1689 = VERTEX_POINT('',#1690);
#1690 = CARTESIAN_POINT('',(74.536493,-57.653853,1.51));
#1691 = CIRCLE('',#1692,2.504613590587);
#1692 = AXIS2_PLACEMENT_3D('',#1693,#1694,#1695);
#1693 = CARTESIAN_POINT('',(72.0548806508,-57.99251121479,1.51));
#1694 = DIRECTION('',(0.,0.,1.));
#1695 = DIRECTION('',(0.990816451099,0.135213757552,-0.));
#1696 = ORIENTED_EDGE('',*,*,#1697,.F.);
#1697 = EDGE_CURVE('',#1698,#1689,#1700,.T.);
#1698 = VERTEX_POINT('',#1699);
#1699 = CARTESIAN_POINT('',(74.531922,-63.654477,1.51));
#1700 = LINE('',#1701,#1702);
#1701 = CARTESIAN_POINT('',(74.531922,-63.654477,1.51));
#1702 = VECTOR('',#1703,1.);
#1703 = DIRECTION('',(7.617538898944E-04,0.999999709865,0.));
#1704 = ORIENTED_EDGE('',*,*,#1705,.F.);
#1705 = EDGE_CURVE('',#1706,#1698,#1708,.T.);
#1706 = VERTEX_POINT('',#1707);
#1707 = CARTESIAN_POINT('',(77.974874,-66.525126,1.51));
#1708 = CIRCLE('',#1709,3.499999480458);
#1709 = AXIS2_PLACEMENT_3D('',#1710,#1711,#1712);
#1710 = CARTESIAN_POINT('',(77.974873399012,-63.02512651954,1.51));
#1711 = DIRECTION('',(0.,0.,-1.));
#1712 = DIRECTION('',(1.717110173269E-07,-1.,0.));
#1713 = ORIENTED_EDGE('',*,*,#1714,.F.);
#1714 = EDGE_CURVE('',#1715,#1706,#1717,.T.);
#1715 = VERTEX_POINT('',#1716);
#1716 = CARTESIAN_POINT('',(82.,-66.5,1.51));
#1717 = LINE('',#1718,#1719);
#1718 = CARTESIAN_POINT('',(82.,-66.5,1.51));
#1719 = VECTOR('',#1720,1.);
#1720 = DIRECTION('',(-0.999980517483,-6.242167445759E-03,0.));
#1721 = ORIENTED_EDGE('',*,*,#1722,.F.);
#1722 = EDGE_CURVE('',#1723,#1715,#1725,.T.);
#1723 = VERTEX_POINT('',#1724);
#1724 = CARTESIAN_POINT('',(85.5,-63.,1.51));
#1725 = CIRCLE('',#1726,3.499999092342);
#1726 = AXIS2_PLACEMENT_3D('',#1727,#1728,#1729);
#1727 = CARTESIAN_POINT('',(82.000000907658,-63.00000090765,1.51));
#1728 = DIRECTION('',(0.,0.,-1.));
#1729 = DIRECTION('',(1.,2.593310478154E-07,0.));
#1730 = ORIENTED_EDGE('',*,*,#1731,.F.);
#1731 = EDGE_CURVE('',#1732,#1723,#1734,.T.);
#1732 = VERTEX_POINT('',#1733);
#1733 = CARTESIAN_POINT('',(85.5,-59.,1.51));
#1734 = LINE('',#1735,#1736);
#1735 = CARTESIAN_POINT('',(85.5,-59.,1.51));
#1736 = VECTOR('',#1737,1.);
#1737 = DIRECTION('',(0.,-1.,0.));
#1738 = ORIENTED_EDGE('',*,*,#1739,.F.);
#1739 = EDGE_CURVE('',#1740,#1732,#1742,.T.);
#1740 = VERTEX_POINT('',#1741);
#1741 = CARTESIAN_POINT('',(85.5,-53.,1.51));
#1742 = LINE('',#1743,#1744);
#1743 = CARTESIAN_POINT('',(85.5,-53.,1.51));
#1744 = VECTOR('',#1745,1.);
#1745 = DIRECTION('',(0.,-1.,0.));
#1746 = ORIENTED_EDGE('',*,*,#1747,.F.);
#1747 = EDGE_CURVE('',#1748,#1740,#1750,.T.);
#1748 = VERTEX_POINT('',#1749);
#1749 = CARTESIAN_POINT('',(82.,-49.5,1.51));
#1750 = CIRCLE('',#1751,3.499999092342);
#1751 = AXIS2_PLACEMENT_3D('',#1752,#1753,#1754);
#1752 = CARTESIAN_POINT('',(82.000000907658,-52.99999909234,1.51));
#1753 = DIRECTION('',(0.,0.,-1.));
#1754 = DIRECTION('',(-2.593310478154E-07,1.,0.));
#1755 = ORIENTED_EDGE('',*,*,#1756,.F.);
#1756 = EDGE_CURVE('',#1757,#1748,#1759,.T.);
#1757 = VERTEX_POINT('',#1758);
#1758 = CARTESIAN_POINT('',(77.500001,-49.499999,1.51));
#1759 = LINE('',#1760,#1761);
#1760 = CARTESIAN_POINT('',(77.500001,-49.499999,1.51));
#1761 = VECTOR('',#1762,1.);
#1762 = DIRECTION('',(1.,-2.222222710439E-07,0.));
#1763 = ORIENTED_EDGE('',*,*,#1764,.F.);
#1764 = EDGE_CURVE('',#1765,#1757,#1767,.T.);
#1765 = VERTEX_POINT('',#1766);
#1766 = CARTESIAN_POINT('',(74.000001,-45.999999,1.51));
#1767 = CIRCLE('',#1768,3.499999092342);
#1768 = AXIS2_PLACEMENT_3D('',#1769,#1770,#1771);
#1769 = CARTESIAN_POINT('',(77.500000092342,-45.99999990765,1.51));
#1770 = DIRECTION('',(0.,0.,1.));
#1771 = DIRECTION('',(-1.,2.593310478154E-07,0.));
#1772 = ORIENTED_EDGE('',*,*,#1773,.F.);
#1773 = EDGE_CURVE('',#1774,#1765,#1776,.T.);
#1774 = VERTEX_POINT('',#1775);
#1775 = CARTESIAN_POINT('',(74.,-11.5,1.51));
#1776 = LINE('',#1777,#1778);
#1777 = CARTESIAN_POINT('',(74.,-11.5,1.51));
#1778 = VECTOR('',#1779,1.);
#1779 = DIRECTION('',(2.898550801336E-08,-1.,0.));
#1780 = ORIENTED_EDGE('',*,*,#1781,.F.);
#1781 = EDGE_CURVE('',#1782,#1774,#1784,.T.);
#1782 = VERTEX_POINT('',#1783);
#1783 = CARTESIAN_POINT('',(77.5,-8.,1.51));
#1784 = CIRCLE('',#1785,3.499999092342);
#1785 = AXIS2_PLACEMENT_3D('',#1786,#1787,#1788);
#1786 = CARTESIAN_POINT('',(77.499999092342,-11.49999909234,1.51));
#1787 = DIRECTION('',(0.,0.,1.));
#1788 = DIRECTION('',(2.593310478154E-07,1.,-0.));
#1789 = ORIENTED_EDGE('',*,*,#1790,.F.);
#1790 = EDGE_CURVE('',#1791,#1782,#1793,.T.);
#1791 = VERTEX_POINT('',#1792);
#1792 = CARTESIAN_POINT('',(94.,-8.025126,1.51));
#1793 = LINE('',#1794,#1795);
#1794 = CARTESIAN_POINT('',(94.,-8.025126,1.51));
#1795 = VECTOR('',#1796,1.);
#1796 = DIRECTION('',(-0.999998840561,1.522786113208E-03,0.));
#1797 = ORIENTED_EDGE('',*,*,#1798,.F.);
#1798 = EDGE_CURVE('',#114,#1791,#1799,.T.);
#1799 = CIRCLE('',#1800,3.499999092342);
#1800 = AXIS2_PLACEMENT_3D('',#1801,#1802,#1803);
#1801 = CARTESIAN_POINT('',(94.000000907658,-4.525126907658,1.51));
#1802 = DIRECTION('',(0.,0.,-1.));
#1803 = DIRECTION('',(1.,2.59331048323E-07,0.));
#1804 = ORIENTED_EDGE('',*,*,#113,.F.);
#1805 = FACE_BOUND('',#1806,.T.);
#1806 = EDGE_LOOP('',(#1807));
#1807 = ORIENTED_EDGE('',*,*,#1808,.T.);
#1808 = EDGE_CURVE('',#1809,#1809,#1811,.T.);
#1809 = VERTEX_POINT('',#1810);
#1810 = CARTESIAN_POINT('',(13.,-63.5,1.51));
#1811 = CIRCLE('',#1812,2.);
#1812 = AXIS2_PLACEMENT_3D('',#1813,#1814,#1815);
#1813 = CARTESIAN_POINT('',(13.,-61.5,1.51));
#1814 = DIRECTION('',(-0.,0.,-1.));
#1815 = DIRECTION('',(-0.,-1.,0.));
#1816 = FACE_BOUND('',#1817,.T.);
#1817 = EDGE_LOOP('',(#1818));
#1818 = ORIENTED_EDGE('',*,*,#1819,.T.);
#1819 = EDGE_CURVE('',#1820,#1820,#1822,.T.);
#1820 = VERTEX_POINT('',#1821);
#1821 = CARTESIAN_POINT('',(32.3,-54.,1.51));
#1822 = CIRCLE('',#1823,0.5);
#1823 = AXIS2_PLACEMENT_3D('',#1824,#1825,#1826);
#1824 = CARTESIAN_POINT('',(32.3,-53.5,1.51));
#1825 = DIRECTION('',(-0.,0.,-1.));
#1826 = DIRECTION('',(-0.,-1.,0.));
#1827 = FACE_BOUND('',#1828,.T.);
#1828 = EDGE_LOOP('',(#1829));
#1829 = ORIENTED_EDGE('',*,*,#1830,.T.);
#1830 = EDGE_CURVE('',#1831,#1831,#1833,.T.);
#1831 = VERTEX_POINT('',#1832);
#1832 = CARTESIAN_POINT('',(34.84,-54.,1.51));
#1833 = CIRCLE('',#1834,0.5);
#1834 = AXIS2_PLACEMENT_3D('',#1835,#1836,#1837);
#1835 = CARTESIAN_POINT('',(34.84,-53.5,1.51));
#1836 = DIRECTION('',(-0.,0.,-1.));
#1837 = DIRECTION('',(-0.,-1.,0.));
#1838 = FACE_BOUND('',#1839,.T.);
#1839 = EDGE_LOOP('',(#1840));
#1840 = ORIENTED_EDGE('',*,*,#1841,.T.);
#1841 = EDGE_CURVE('',#1842,#1842,#1844,.T.);
#1842 = VERTEX_POINT('',#1843);
#1843 = CARTESIAN_POINT('',(32.3,-51.46,1.51));
#1844 = CIRCLE('',#1845,0.5);
#1845 = AXIS2_PLACEMENT_3D('',#1846,#1847,#1848);
#1846 = CARTESIAN_POINT('',(32.3,-50.96,1.51));
#1847 = DIRECTION('',(-0.,0.,-1.));
#1848 = DIRECTION('',(-0.,-1.,0.));
#1849 = FACE_BOUND('',#1850,.T.);
#1850 = EDGE_LOOP('',(#1851));
#1851 = ORIENTED_EDGE('',*,*,#1852,.T.);
#1852 = EDGE_CURVE('',#1853,#1853,#1855,.T.);
#1853 = VERTEX_POINT('',#1854);
#1854 = CARTESIAN_POINT('',(34.84,-51.46,1.51));
#1855 = CIRCLE('',#1856,0.5);
#1856 = AXIS2_PLACEMENT_3D('',#1857,#1858,#1859);
#1857 = CARTESIAN_POINT('',(34.84,-50.96,1.51));
#1858 = DIRECTION('',(-0.,0.,-1.));
#1859 = DIRECTION('',(-0.,-1.,0.));
#1860 = FACE_BOUND('',#1861,.T.);
#1861 = EDGE_LOOP('',(#1862));
#1862 = ORIENTED_EDGE('',*,*,#1863,.T.);
#1863 = EDGE_CURVE('',#1864,#1864,#1866,.T.);
#1864 = VERTEX_POINT('',#1865);
#1865 = CARTESIAN_POINT('',(37.38,-54.,1.51));
#1866 = CIRCLE('',#1867,0.5);
#1867 = AXIS2_PLACEMENT_3D('',#1868,#1869,#1870);
#1868 = CARTESIAN_POINT('',(37.38,-53.5,1.51));
#1869 = DIRECTION('',(-0.,0.,-1.));
#1870 = DIRECTION('',(-0.,-1.,0.));
#1871 = FACE_BOUND('',#1872,.T.);
#1872 = EDGE_LOOP('',(#1873));
#1873 = ORIENTED_EDGE('',*,*,#1874,.T.);
#1874 = EDGE_CURVE('',#1875,#1875,#1877,.T.);
#1875 = VERTEX_POINT('',#1876);
#1876 = CARTESIAN_POINT('',(39.92,-54.,1.51));
#1877 = CIRCLE('',#1878,0.5);
#1878 = AXIS2_PLACEMENT_3D('',#1879,#1880,#1881);
#1879 = CARTESIAN_POINT('',(39.92,-53.5,1.51));
#1880 = DIRECTION('',(-0.,0.,-1.));
#1881 = DIRECTION('',(-0.,-1.,0.));
#1882 = FACE_BOUND('',#1883,.T.);
#1883 = EDGE_LOOP('',(#1884));
#1884 = ORIENTED_EDGE('',*,*,#1885,.T.);
#1885 = EDGE_CURVE('',#1886,#1886,#1888,.T.);
#1886 = VERTEX_POINT('',#1887);
#1887 = CARTESIAN_POINT('',(42.46,-54.,1.51));
#1888 = CIRCLE('',#1889,0.5);
#1889 = AXIS2_PLACEMENT_3D('',#1890,#1891,#1892);
#1890 = CARTESIAN_POINT('',(42.46,-53.5,1.51));
#1891 = DIRECTION('',(-0.,0.,-1.));
#1892 = DIRECTION('',(-0.,-1.,0.));
#1893 = FACE_BOUND('',#1894,.T.);
#1894 = EDGE_LOOP('',(#1895));
#1895 = ORIENTED_EDGE('',*,*,#1896,.T.);
#1896 = EDGE_CURVE('',#1897,#1897,#1899,.T.);
#1897 = VERTEX_POINT('',#1898);
#1898 = CARTESIAN_POINT('',(45.,-54.,1.51));
#1899 = CIRCLE('',#1900,0.5);
#1900 = AXIS2_PLACEMENT_3D('',#1901,#1902,#1903);
#1901 = CARTESIAN_POINT('',(45.,-53.5,1.51));
#1902 = DIRECTION('',(-0.,0.,-1.));
#1903 = DIRECTION('',(-0.,-1.,0.));
#1904 = FACE_BOUND('',#1905,.T.);
#1905 = EDGE_LOOP('',(#1906));
#1906 = ORIENTED_EDGE('',*,*,#1907,.T.);
#1907 = EDGE_CURVE('',#1908,#1908,#1910,.T.);
#1908 = VERTEX_POINT('',#1909);
#1909 = CARTESIAN_POINT('',(47.54,-54.,1.51));
#1910 = CIRCLE('',#1911,0.5);
#1911 = AXIS2_PLACEMENT_3D('',#1912,#1913,#1914);
#1912 = CARTESIAN_POINT('',(47.54,-53.5,1.51));
#1913 = DIRECTION('',(-0.,0.,-1.));
#1914 = DIRECTION('',(-0.,-1.,0.));
#1915 = FACE_BOUND('',#1916,.T.);
#1916 = EDGE_LOOP('',(#1917));
#1917 = ORIENTED_EDGE('',*,*,#1918,.T.);
#1918 = EDGE_CURVE('',#1919,#1919,#1921,.T.);
#1919 = VERTEX_POINT('',#1920);
#1920 = CARTESIAN_POINT('',(37.38,-51.46,1.51));
#1921 = CIRCLE('',#1922,0.5);
#1922 = AXIS2_PLACEMENT_3D('',#1923,#1924,#1925);
#1923 = CARTESIAN_POINT('',(37.38,-50.96,1.51));
#1924 = DIRECTION('',(-0.,0.,-1.));
#1925 = DIRECTION('',(-0.,-1.,0.));
#1926 = FACE_BOUND('',#1927,.T.);
#1927 = EDGE_LOOP('',(#1928));
#1928 = ORIENTED_EDGE('',*,*,#1929,.T.);
#1929 = EDGE_CURVE('',#1930,#1930,#1932,.T.);
#1930 = VERTEX_POINT('',#1931);
#1931 = CARTESIAN_POINT('',(39.92,-51.46,1.51));
#1932 = CIRCLE('',#1933,0.5);
#1933 = AXIS2_PLACEMENT_3D('',#1934,#1935,#1936);
#1934 = CARTESIAN_POINT('',(39.92,-50.96,1.51));
#1935 = DIRECTION('',(-0.,0.,-1.));
#1936 = DIRECTION('',(-0.,-1.,0.));
#1937 = FACE_BOUND('',#1938,.T.);
#1938 = EDGE_LOOP('',(#1939));
#1939 = ORIENTED_EDGE('',*,*,#1940,.T.);
#1940 = EDGE_CURVE('',#1941,#1941,#1943,.T.);
#1941 = VERTEX_POINT('',#1942);
#1942 = CARTESIAN_POINT('',(42.46,-51.46,1.51));
#1943 = CIRCLE('',#1944,0.5);
#1944 = AXIS2_PLACEMENT_3D('',#1945,#1946,#1947);
#1945 = CARTESIAN_POINT('',(42.46,-50.96,1.51));
#1946 = DIRECTION('',(-0.,0.,-1.));
#1947 = DIRECTION('',(-0.,-1.,0.));
#1948 = FACE_BOUND('',#1949,.T.);
#1949 = EDGE_LOOP('',(#1950));
#1950 = ORIENTED_EDGE('',*,*,#1951,.T.);
#1951 = EDGE_CURVE('',#1952,#1952,#1954,.T.);
#1952 = VERTEX_POINT('',#1953);
#1953 = CARTESIAN_POINT('',(45.,-51.46,1.51));
#1954 = CIRCLE('',#1955,0.5);
#1955 = AXIS2_PLACEMENT_3D('',#1956,#1957,#1958);
#1956 = CARTESIAN_POINT('',(45.,-50.96,1.51));
#1957 = DIRECTION('',(-0.,0.,-1.));
#1958 = DIRECTION('',(-0.,-1.,0.));
#1959 = FACE_BOUND('',#1960,.T.);
#1960 = EDGE_LOOP('',(#1961));
#1961 = ORIENTED_EDGE('',*,*,#1962,.T.);
#1962 = EDGE_CURVE('',#1963,#1963,#1965,.T.);
#1963 = VERTEX_POINT('',#1964);
#1964 = CARTESIAN_POINT('',(47.54,-51.46,1.51));
#1965 = CIRCLE('',#1966,0.5);
#1966 = AXIS2_PLACEMENT_3D('',#1967,#1968,#1969);
#1967 = CARTESIAN_POINT('',(47.54,-50.96,1.51));
#1968 = DIRECTION('',(-0.,0.,-1.));
#1969 = DIRECTION('',(-0.,-1.,0.));
#1970 = FACE_BOUND('',#1971,.T.);
#1971 = EDGE_LOOP('',(#1972));
#1972 = ORIENTED_EDGE('',*,*,#1973,.T.);
#1973 = EDGE_CURVE('',#1974,#1974,#1976,.T.);
#1974 = VERTEX_POINT('',#1975);
#1975 = CARTESIAN_POINT('',(46.35,-38.59,1.51));
#1976 = CIRCLE('',#1977,0.15);
#1977 = AXIS2_PLACEMENT_3D('',#1978,#1979,#1980);
#1978 = CARTESIAN_POINT('',(46.35,-38.44,1.51));
#1979 = DIRECTION('',(-0.,0.,-1.));
#1980 = DIRECTION('',(-0.,-1.,0.));
#1981 = FACE_BOUND('',#1982,.T.);
#1982 = EDGE_LOOP('',(#1983));
#1983 = ORIENTED_EDGE('',*,*,#1984,.T.);
#1984 = EDGE_CURVE('',#1985,#1985,#1987,.T.);
#1985 = VERTEX_POINT('',#1986);
#1986 = CARTESIAN_POINT('',(50.08,-54.,1.51));
#1987 = CIRCLE('',#1988,0.5);
#1988 = AXIS2_PLACEMENT_3D('',#1989,#1990,#1991);
#1989 = CARTESIAN_POINT('',(50.08,-53.5,1.51));
#1990 = DIRECTION('',(-0.,0.,-1.));
#1991 = DIRECTION('',(-0.,-1.,0.));
#1992 = FACE_BOUND('',#1993,.T.);
#1993 = EDGE_LOOP('',(#1994));
#1994 = ORIENTED_EDGE('',*,*,#1995,.T.);
#1995 = EDGE_CURVE('',#1996,#1996,#1998,.T.);
#1996 = VERTEX_POINT('',#1997);
#1997 = CARTESIAN_POINT('',(52.62,-54.,1.51));
#1998 = CIRCLE('',#1999,0.5);
#1999 = AXIS2_PLACEMENT_3D('',#2000,#2001,#2002);
#2000 = CARTESIAN_POINT('',(52.62,-53.5,1.51));
#2001 = DIRECTION('',(-0.,0.,-1.));
#2002 = DIRECTION('',(-0.,-1.,0.));
#2003 = FACE_BOUND('',#2004,.T.);
#2004 = EDGE_LOOP('',(#2005));
#2005 = ORIENTED_EDGE('',*,*,#2006,.T.);
#2006 = EDGE_CURVE('',#2007,#2007,#2009,.T.);
#2007 = VERTEX_POINT('',#2008);
#2008 = CARTESIAN_POINT('',(55.16,-54.,1.51));
#2009 = CIRCLE('',#2010,0.5);
#2010 = AXIS2_PLACEMENT_3D('',#2011,#2012,#2013);
#2011 = CARTESIAN_POINT('',(55.16,-53.5,1.51));
#2012 = DIRECTION('',(-0.,0.,-1.));
#2013 = DIRECTION('',(-0.,-1.,0.));
#2014 = FACE_BOUND('',#2015,.T.);
#2015 = EDGE_LOOP('',(#2016));
#2016 = ORIENTED_EDGE('',*,*,#2017,.T.);
#2017 = EDGE_CURVE('',#2018,#2018,#2020,.T.);
#2018 = VERTEX_POINT('',#2019);
#2019 = CARTESIAN_POINT('',(57.7,-54.,1.51));
#2020 = CIRCLE('',#2021,0.5);
#2021 = AXIS2_PLACEMENT_3D('',#2022,#2023,#2024);
#2022 = CARTESIAN_POINT('',(57.7,-53.5,1.51));
#2023 = DIRECTION('',(-0.,0.,-1.));
#2024 = DIRECTION('',(-0.,-1.,0.));
#2025 = FACE_BOUND('',#2026,.T.);
#2026 = EDGE_LOOP('',(#2027));
#2027 = ORIENTED_EDGE('',*,*,#2028,.T.);
#2028 = EDGE_CURVE('',#2029,#2029,#2031,.T.);
#2029 = VERTEX_POINT('',#2030);
#2030 = CARTESIAN_POINT('',(60.24,-54.,1.51));
#2031 = CIRCLE('',#2032,0.5);
#2032 = AXIS2_PLACEMENT_3D('',#2033,#2034,#2035);
#2033 = CARTESIAN_POINT('',(60.24,-53.5,1.51));
#2034 = DIRECTION('',(-0.,0.,-1.));
#2035 = DIRECTION('',(-0.,-1.,0.));
#2036 = FACE_BOUND('',#2037,.T.);
#2037 = EDGE_LOOP('',(#2038));
#2038 = ORIENTED_EDGE('',*,*,#2039,.T.);
#2039 = EDGE_CURVE('',#2040,#2040,#2042,.T.);
#2040 = VERTEX_POINT('',#2041);
#2041 = CARTESIAN_POINT('',(50.08,-51.46,1.51));
#2042 = CIRCLE('',#2043,0.5);
#2043 = AXIS2_PLACEMENT_3D('',#2044,#2045,#2046);
#2044 = CARTESIAN_POINT('',(50.08,-50.96,1.51));
#2045 = DIRECTION('',(-0.,0.,-1.));
#2046 = DIRECTION('',(-0.,-1.,0.));
#2047 = FACE_BOUND('',#2048,.T.);
#2048 = EDGE_LOOP('',(#2049));
#2049 = ORIENTED_EDGE('',*,*,#2050,.T.);
#2050 = EDGE_CURVE('',#2051,#2051,#2053,.T.);
#2051 = VERTEX_POINT('',#2052);
#2052 = CARTESIAN_POINT('',(52.62,-51.46,1.51));
#2053 = CIRCLE('',#2054,0.5);
#2054 = AXIS2_PLACEMENT_3D('',#2055,#2056,#2057);
#2055 = CARTESIAN_POINT('',(52.62,-50.96,1.51));
#2056 = DIRECTION('',(-0.,0.,-1.));
#2057 = DIRECTION('',(-0.,-1.,0.));
#2058 = FACE_BOUND('',#2059,.T.);
#2059 = EDGE_LOOP('',(#2060));
#2060 = ORIENTED_EDGE('',*,*,#2061,.T.);
#2061 = EDGE_CURVE('',#2062,#2062,#2064,.T.);
#2062 = VERTEX_POINT('',#2063);
#2063 = CARTESIAN_POINT('',(55.16,-51.46,1.51));
#2064 = CIRCLE('',#2065,0.5);
#2065 = AXIS2_PLACEMENT_3D('',#2066,#2067,#2068);
#2066 = CARTESIAN_POINT('',(55.16,-50.96,1.51));
#2067 = DIRECTION('',(-0.,0.,-1.));
#2068 = DIRECTION('',(-0.,-1.,0.));
#2069 = FACE_BOUND('',#2070,.T.);
#2070 = EDGE_LOOP('',(#2071));
#2071 = ORIENTED_EDGE('',*,*,#2072,.T.);
#2072 = EDGE_CURVE('',#2073,#2073,#2075,.T.);
#2073 = VERTEX_POINT('',#2074);
#2074 = CARTESIAN_POINT('',(57.7,-51.46,1.51));
#2075 = CIRCLE('',#2076,0.5);
#2076 = AXIS2_PLACEMENT_3D('',#2077,#2078,#2079);
#2077 = CARTESIAN_POINT('',(57.7,-50.96,1.51));
#2078 = DIRECTION('',(-0.,0.,-1.));
#2079 = DIRECTION('',(-0.,-1.,0.));
#2080 = FACE_BOUND('',#2081,.T.);
#2081 = EDGE_LOOP('',(#2082));
#2082 = ORIENTED_EDGE('',*,*,#2083,.T.);
#2083 = EDGE_CURVE('',#2084,#2084,#2086,.T.);
#2084 = VERTEX_POINT('',#2085);
#2085 = CARTESIAN_POINT('',(60.24,-51.46,1.51));
#2086 = CIRCLE('',#2087,0.5);
#2087 = AXIS2_PLACEMENT_3D('',#2088,#2089,#2090);
#2088 = CARTESIAN_POINT('',(60.24,-50.96,1.51));
#2089 = DIRECTION('',(-0.,0.,-1.));
#2090 = DIRECTION('',(-0.,-1.,0.));
#2091 = FACE_BOUND('',#2092,.T.);
#2092 = EDGE_LOOP('',(#2093));
#2093 = ORIENTED_EDGE('',*,*,#2094,.T.);
#2094 = EDGE_CURVE('',#2095,#2095,#2097,.T.);
#2095 = VERTEX_POINT('',#2096);
#2096 = CARTESIAN_POINT('',(62.78,-54.,1.51));
#2097 = CIRCLE('',#2098,0.5);
#2098 = AXIS2_PLACEMENT_3D('',#2099,#2100,#2101);
#2099 = CARTESIAN_POINT('',(62.78,-53.5,1.51));
#2100 = DIRECTION('',(-0.,0.,-1.));
#2101 = DIRECTION('',(-0.,-1.,0.));
#2102 = FACE_BOUND('',#2103,.T.);
#2103 = EDGE_LOOP('',(#2104));
#2104 = ORIENTED_EDGE('',*,*,#2105,.T.);
#2105 = EDGE_CURVE('',#2106,#2106,#2108,.T.);
#2106 = VERTEX_POINT('',#2107);
#2107 = CARTESIAN_POINT('',(65.32,-54.,1.51));
#2108 = CIRCLE('',#2109,0.5);
#2109 = AXIS2_PLACEMENT_3D('',#2110,#2111,#2112);
#2110 = CARTESIAN_POINT('',(65.32,-53.5,1.51));
#2111 = DIRECTION('',(-0.,0.,-1.));
#2112 = DIRECTION('',(-0.,-1.,0.));
#2113 = FACE_BOUND('',#2114,.T.);
#2114 = EDGE_LOOP('',(#2115));
#2115 = ORIENTED_EDGE('',*,*,#2116,.T.);
#2116 = EDGE_CURVE('',#2117,#2117,#2119,.T.);
#2117 = VERTEX_POINT('',#2118);
#2118 = CARTESIAN_POINT('',(62.78,-51.46,1.51));
#2119 = CIRCLE('',#2120,0.5);
#2120 = AXIS2_PLACEMENT_3D('',#2121,#2122,#2123);
#2121 = CARTESIAN_POINT('',(62.78,-50.96,1.51));
#2122 = DIRECTION('',(-0.,0.,-1.));
#2123 = DIRECTION('',(-0.,-1.,0.));
#2124 = FACE_BOUND('',#2125,.T.);
#2125 = EDGE_LOOP('',(#2126));
#2126 = ORIENTED_EDGE('',*,*,#2127,.T.);
#2127 = EDGE_CURVE('',#2128,#2128,#2130,.T.);
#2128 = VERTEX_POINT('',#2129);
#2129 = CARTESIAN_POINT('',(65.32,-51.46,1.51));
#2130 = CIRCLE('',#2131,0.5);
#2131 = AXIS2_PLACEMENT_3D('',#2132,#2133,#2134);
#2132 = CARTESIAN_POINT('',(65.32,-50.96,1.51));
#2133 = DIRECTION('',(-0.,0.,-1.));
#2134 = DIRECTION('',(-0.,-1.,0.));
#2135 = FACE_BOUND('',#2136,.T.);
#2136 = EDGE_LOOP('',(#2137));
#2137 = ORIENTED_EDGE('',*,*,#2138,.T.);
#2138 = EDGE_CURVE('',#2139,#2139,#2141,.T.);
#2139 = VERTEX_POINT('',#2140);
#2140 = CARTESIAN_POINT('',(81.5,-63.5,1.51));
#2141 = CIRCLE('',#2142,2.);
#2142 = AXIS2_PLACEMENT_3D('',#2143,#2144,#2145);
#2143 = CARTESIAN_POINT('',(81.5,-61.5,1.51));
#2144 = DIRECTION('',(-0.,0.,-1.));
#2145 = DIRECTION('',(-0.,-1.,0.));
#2146 = FACE_BOUND('',#2147,.T.);
#2147 = EDGE_LOOP('',(#2148));
#2148 = ORIENTED_EDGE('',*,*,#2149,.T.);
#2149 = EDGE_CURVE('',#2150,#2150,#2152,.T.);
#2150 = VERTEX_POINT('',#2151);
#2151 = CARTESIAN_POINT('',(50.63,-38.5875,1.51));
#2152 = CIRCLE('',#2153,0.15);
#2153 = AXIS2_PLACEMENT_3D('',#2154,#2155,#2156);
#2154 = CARTESIAN_POINT('',(50.63,-38.4375,1.51));
#2155 = DIRECTION('',(-0.,0.,-1.));
#2156 = DIRECTION('',(4.736951571734E-14,-1.,-0.));
#2157 = FACE_BOUND('',#2158,.T.);
#2158 = EDGE_LOOP('',(#2159));
#2159 = ORIENTED_EDGE('',*,*,#2160,.T.);
#2160 = EDGE_CURVE('',#2161,#2161,#2163,.T.);
#2161 = VERTEX_POINT('',#2162);
#2162 = CARTESIAN_POINT('',(54.59,-38.63,1.51));
#2163 = CIRCLE('',#2164,0.15);
#2164 = AXIS2_PLACEMENT_3D('',#2165,#2166,#2167);
#2165 = CARTESIAN_POINT('',(54.59,-38.48,1.51));
#2166 = DIRECTION('',(-0.,0.,-1.));
#2167 = DIRECTION('',(-0.,-1.,0.));
#2168 = FACE_BOUND('',#2169,.T.);
#2169 = EDGE_LOOP('',(#2170));
#2170 = ORIENTED_EDGE('',*,*,#2171,.T.);
#2171 = EDGE_CURVE('',#2172,#2172,#2174,.T.);
#2172 = VERTEX_POINT('',#2173);
#2173 = CARTESIAN_POINT('',(50.21,-33.89,1.51));
#2174 = CIRCLE('',#2175,0.15);
#2175 = AXIS2_PLACEMENT_3D('',#2176,#2177,#2178);
#2176 = CARTESIAN_POINT('',(50.21,-33.74,1.51));
#2177 = DIRECTION('',(-0.,0.,-1.));
#2178 = DIRECTION('',(-0.,-1.,0.));
#2179 = FACE_BOUND('',#2180,.T.);
#2180 = EDGE_LOOP('',(#2181));
#2181 = ORIENTED_EDGE('',*,*,#2182,.T.);
#2182 = EDGE_CURVE('',#2183,#2183,#2185,.T.);
#2183 = VERTEX_POINT('',#2184);
#2184 = CARTESIAN_POINT('',(48.7,-33.17,1.51));
#2185 = CIRCLE('',#2186,0.15);
#2186 = AXIS2_PLACEMENT_3D('',#2187,#2188,#2189);
#2187 = CARTESIAN_POINT('',(48.7,-33.02,1.51));
#2188 = DIRECTION('',(-0.,0.,-1.));
#2189 = DIRECTION('',(-0.,-1.,0.));
#2190 = FACE_BOUND('',#2191,.T.);
#2191 = EDGE_LOOP('',(#2192));
#2192 = ORIENTED_EDGE('',*,*,#2193,.T.);
#2193 = EDGE_CURVE('',#2194,#2194,#2196,.T.);
#2194 = VERTEX_POINT('',#2195);
#2195 = CARTESIAN_POINT('',(51.96,-33.13,1.51));
#2196 = CIRCLE('',#2197,0.15);
#2197 = AXIS2_PLACEMENT_3D('',#2198,#2199,#2200);
#2198 = CARTESIAN_POINT('',(51.96,-32.98,1.51));
#2199 = DIRECTION('',(-0.,0.,-1.));
#2200 = DIRECTION('',(-0.,-1.,0.));
#2201 = FACE_BOUND('',#2202,.T.);
#2202 = EDGE_LOOP('',(#2203));
#2203 = ORIENTED_EDGE('',*,*,#2204,.T.);
#2204 = EDGE_CURVE('',#2205,#2205,#2207,.T.);
#2205 = VERTEX_POINT('',#2206);
#2206 = CARTESIAN_POINT('',(53.48,-33.12,1.51));
#2207 = CIRCLE('',#2208,0.15);
#2208 = AXIS2_PLACEMENT_3D('',#2209,#2210,#2211);
#2209 = CARTESIAN_POINT('',(53.48,-32.97,1.51));
#2210 = DIRECTION('',(-0.,0.,-1.));
#2211 = DIRECTION('',(-4.736951571734E-14,-1.,0.));
#2212 = FACE_BOUND('',#2213,.T.);
#2213 = EDGE_LOOP('',(#2214));
#2214 = ORIENTED_EDGE('',*,*,#2215,.T.);
#2215 = EDGE_CURVE('',#2216,#2216,#2218,.T.);
#2216 = VERTEX_POINT('',#2217);
#2217 = CARTESIAN_POINT('',(63.01125,-33.495,1.51));
#2218 = CIRCLE('',#2219,0.15);
#2219 = AXIS2_PLACEMENT_3D('',#2220,#2221,#2222);
#2220 = CARTESIAN_POINT('',(63.01125,-33.345,1.51));
#2221 = DIRECTION('',(-0.,0.,-1.));
#2222 = DIRECTION('',(-4.736951571734E-14,-1.,0.));
#2223 = FACE_BOUND('',#2224,.T.);
#2224 = EDGE_LOOP('',(#2225));
#2225 = ORIENTED_EDGE('',*,*,#2226,.T.);
#2226 = EDGE_CURVE('',#2227,#2227,#2229,.T.);
#2227 = VERTEX_POINT('',#2228);
#2228 = CARTESIAN_POINT('',(34.86,-28.42,1.51));
#2229 = CIRCLE('',#2230,0.15);
#2230 = AXIS2_PLACEMENT_3D('',#2231,#2232,#2233);
#2231 = CARTESIAN_POINT('',(34.86,-28.27,1.51));
#2232 = DIRECTION('',(-0.,0.,-1.));
#2233 = DIRECTION('',(-0.,-1.,0.));
#2234 = FACE_BOUND('',#2235,.T.);
#2235 = EDGE_LOOP('',(#2236));
#2236 = ORIENTED_EDGE('',*,*,#2237,.T.);
#2237 = EDGE_CURVE('',#2238,#2238,#2240,.T.);
#2238 = VERTEX_POINT('',#2239);
#2239 = CARTESIAN_POINT('',(42.,-31.725,1.51));
#2240 = CIRCLE('',#2241,0.15);
#2241 = AXIS2_PLACEMENT_3D('',#2242,#2243,#2244);
#2242 = CARTESIAN_POINT('',(42.,-31.575,1.51));
#2243 = DIRECTION('',(-0.,0.,-1.));
#2244 = DIRECTION('',(-0.,-1.,0.));
#2245 = FACE_BOUND('',#2246,.T.);
#2246 = EDGE_LOOP('',(#2247));
#2247 = ORIENTED_EDGE('',*,*,#2248,.T.);
#2248 = EDGE_CURVE('',#2249,#2249,#2251,.T.);
#2249 = VERTEX_POINT('',#2250);
#2250 = CARTESIAN_POINT('',(45.97,-32.03,1.51));
#2251 = CIRCLE('',#2252,0.15);
#2252 = AXIS2_PLACEMENT_3D('',#2253,#2254,#2255);
#2253 = CARTESIAN_POINT('',(45.97,-31.88,1.51));
#2254 = DIRECTION('',(-0.,0.,-1.));
#2255 = DIRECTION('',(-0.,-1.,0.));
#2256 = FACE_BOUND('',#2257,.T.);
#2257 = EDGE_LOOP('',(#2258));
#2258 = ORIENTED_EDGE('',*,*,#2259,.T.);
#2259 = EDGE_CURVE('',#2260,#2260,#2262,.T.);
#2260 = VERTEX_POINT('',#2261);
#2261 = CARTESIAN_POINT('',(38.82,-28.18,1.51));
#2262 = CIRCLE('',#2263,0.15);
#2263 = AXIS2_PLACEMENT_3D('',#2264,#2265,#2266);
#2264 = CARTESIAN_POINT('',(38.82,-28.03,1.51));
#2265 = DIRECTION('',(-0.,0.,-1.));
#2266 = DIRECTION('',(-0.,-1.,0.));
#2267 = FACE_BOUND('',#2268,.T.);
#2268 = EDGE_LOOP('',(#2269));
#2269 = ORIENTED_EDGE('',*,*,#2270,.T.);
#2270 = EDGE_CURVE('',#2271,#2271,#2273,.T.);
#2271 = VERTEX_POINT('',#2272);
#2272 = CARTESIAN_POINT('',(42.68,-28.19,1.51));
#2273 = CIRCLE('',#2274,0.15);
#2274 = AXIS2_PLACEMENT_3D('',#2275,#2276,#2277);
#2275 = CARTESIAN_POINT('',(42.68,-28.04,1.51));
#2276 = DIRECTION('',(-0.,0.,-1.));
#2277 = DIRECTION('',(-0.,-1.,0.));
#2278 = FACE_BOUND('',#2279,.T.);
#2279 = EDGE_LOOP('',(#2280));
#2280 = ORIENTED_EDGE('',*,*,#2281,.T.);
#2281 = EDGE_CURVE('',#2282,#2282,#2284,.T.);
#2282 = VERTEX_POINT('',#2283);
#2283 = CARTESIAN_POINT('',(3.,-5.,1.51));
#2284 = CIRCLE('',#2285,2.);
#2285 = AXIS2_PLACEMENT_3D('',#2286,#2287,#2288);
#2286 = CARTESIAN_POINT('',(3.,-3.,1.51));
#2287 = DIRECTION('',(-0.,0.,-1.));
#2288 = DIRECTION('',(-0.,-1.,0.));
#2289 = FACE_BOUND('',#2290,.T.);
#2290 = EDGE_LOOP('',(#2291));
#2291 = ORIENTED_EDGE('',*,*,#2292,.T.);
#2292 = EDGE_CURVE('',#2293,#2293,#2295,.T.);
#2293 = VERTEX_POINT('',#2294);
#2294 = CARTESIAN_POINT('',(24.,-5.,1.51));
#2295 = CIRCLE('',#2296,0.5);
#2296 = AXIS2_PLACEMENT_3D('',#2297,#2298,#2299);
#2297 = CARTESIAN_POINT('',(24.,-4.5,1.51));
#2298 = DIRECTION('',(-0.,0.,-1.));
#2299 = DIRECTION('',(-0.,-1.,0.));
#2300 = FACE_BOUND('',#2301,.T.);
#2301 = EDGE_LOOP('',(#2302));
#2302 = ORIENTED_EDGE('',*,*,#2303,.T.);
#2303 = EDGE_CURVE('',#2304,#2304,#2306,.T.);
#2304 = VERTEX_POINT('',#2305);
#2305 = CARTESIAN_POINT('',(24.,-2.46,1.51));
#2306 = CIRCLE('',#2307,0.5);
#2307 = AXIS2_PLACEMENT_3D('',#2308,#2309,#2310);
#2308 = CARTESIAN_POINT('',(24.,-1.96,1.51));
#2309 = DIRECTION('',(-0.,0.,-1.));
#2310 = DIRECTION('',(-0.,-1.,0.));
#2311 = FACE_BOUND('',#2312,.T.);
#2312 = EDGE_LOOP('',(#2313));
#2313 = ORIENTED_EDGE('',*,*,#2314,.T.);
#2314 = EDGE_CURVE('',#2315,#2315,#2317,.T.);
#2315 = VERTEX_POINT('',#2316);
#2316 = CARTESIAN_POINT('',(26.54,-5.,1.51));
#2317 = CIRCLE('',#2318,0.5);
#2318 = AXIS2_PLACEMENT_3D('',#2319,#2320,#2321);
#2319 = CARTESIAN_POINT('',(26.54,-4.5,1.51));
#2320 = DIRECTION('',(-0.,0.,-1.));
#2321 = DIRECTION('',(-0.,-1.,0.));
#2322 = FACE_BOUND('',#2323,.T.);
#2323 = EDGE_LOOP('',(#2324));
#2324 = ORIENTED_EDGE('',*,*,#2325,.T.);
#2325 = EDGE_CURVE('',#2326,#2326,#2328,.T.);
#2326 = VERTEX_POINT('',#2327);
#2327 = CARTESIAN_POINT('',(29.08,-5.,1.51));
#2328 = CIRCLE('',#2329,0.5);
#2329 = AXIS2_PLACEMENT_3D('',#2330,#2331,#2332);
#2330 = CARTESIAN_POINT('',(29.08,-4.5,1.51));
#2331 = DIRECTION('',(-0.,0.,-1.));
#2332 = DIRECTION('',(-0.,-1.,0.));
#2333 = FACE_BOUND('',#2334,.T.);
#2334 = EDGE_LOOP('',(#2335));
#2335 = ORIENTED_EDGE('',*,*,#2336,.T.);
#2336 = EDGE_CURVE('',#2337,#2337,#2339,.T.);
#2337 = VERTEX_POINT('',#2338);
#2338 = CARTESIAN_POINT('',(26.54,-2.46,1.51));
#2339 = CIRCLE('',#2340,0.5);
#2340 = AXIS2_PLACEMENT_3D('',#2341,#2342,#2343);
#2341 = CARTESIAN_POINT('',(26.54,-1.96,1.51));
#2342 = DIRECTION('',(-0.,0.,-1.));
#2343 = DIRECTION('',(-0.,-1.,0.));
#2344 = FACE_BOUND('',#2345,.T.);
#2345 = EDGE_LOOP('',(#2346));
#2346 = ORIENTED_EDGE('',*,*,#2347,.T.);
#2347 = EDGE_CURVE('',#2348,#2348,#2350,.T.);
#2348 = VERTEX_POINT('',#2349);
#2349 = CARTESIAN_POINT('',(29.08,-2.46,1.51));
#2350 = CIRCLE('',#2351,0.5);
#2351 = AXIS2_PLACEMENT_3D('',#2352,#2353,#2354);
#2352 = CARTESIAN_POINT('',(29.08,-1.96,1.51));
#2353 = DIRECTION('',(-0.,0.,-1.));
#2354 = DIRECTION('',(-0.,-1.,0.));
#2355 = FACE_BOUND('',#2356,.T.);
#2356 = EDGE_LOOP('',(#2357));
#2357 = ORIENTED_EDGE('',*,*,#2358,.T.);
#2358 = EDGE_CURVE('',#2359,#2359,#2361,.T.);
#2359 = VERTEX_POINT('',#2360);
#2360 = CARTESIAN_POINT('',(31.62,-5.,1.51));
#2361 = CIRCLE('',#2362,0.5);
#2362 = AXIS2_PLACEMENT_3D('',#2363,#2364,#2365);
#2363 = CARTESIAN_POINT('',(31.62,-4.5,1.51));
#2364 = DIRECTION('',(-0.,0.,-1.));
#2365 = DIRECTION('',(7.105427357601E-15,-1.,-0.));
#2366 = FACE_BOUND('',#2367,.T.);
#2367 = EDGE_LOOP('',(#2368));
#2368 = ORIENTED_EDGE('',*,*,#2369,.T.);
#2369 = EDGE_CURVE('',#2370,#2370,#2372,.T.);
#2370 = VERTEX_POINT('',#2371);
#2371 = CARTESIAN_POINT('',(34.16,-5.,1.51));
#2372 = CIRCLE('',#2373,0.5);
#2373 = AXIS2_PLACEMENT_3D('',#2374,#2375,#2376);
#2374 = CARTESIAN_POINT('',(34.16,-4.5,1.51));
#2375 = DIRECTION('',(-0.,0.,-1.));
#2376 = DIRECTION('',(-0.,-1.,0.));
#2377 = FACE_BOUND('',#2378,.T.);
#2378 = EDGE_LOOP('',(#2379));
#2379 = ORIENTED_EDGE('',*,*,#2380,.T.);
#2380 = EDGE_CURVE('',#2381,#2381,#2383,.T.);
#2381 = VERTEX_POINT('',#2382);
#2382 = CARTESIAN_POINT('',(31.62,-2.46,1.51));
#2383 = CIRCLE('',#2384,0.5);
#2384 = AXIS2_PLACEMENT_3D('',#2385,#2386,#2387);
#2385 = CARTESIAN_POINT('',(31.62,-1.96,1.51));
#2386 = DIRECTION('',(-0.,0.,-1.));
#2387 = DIRECTION('',(7.105427357601E-15,-1.,-0.));
#2388 = FACE_BOUND('',#2389,.T.);
#2389 = EDGE_LOOP('',(#2390));
#2390 = ORIENTED_EDGE('',*,*,#2391,.T.);
#2391 = EDGE_CURVE('',#2392,#2392,#2394,.T.);
#2392 = VERTEX_POINT('',#2393);
#2393 = CARTESIAN_POINT('',(34.16,-2.46,1.51));
#2394 = CIRCLE('',#2395,0.5);
#2395 = AXIS2_PLACEMENT_3D('',#2396,#2397,#2398);
#2396 = CARTESIAN_POINT('',(34.16,-1.96,1.51));
#2397 = DIRECTION('',(-0.,0.,-1.));
#2398 = DIRECTION('',(-0.,-1.,0.));
#2399 = FACE_BOUND('',#2400,.T.);
#2400 = EDGE_LOOP('',(#2401));
#2401 = ORIENTED_EDGE('',*,*,#2402,.T.);
#2402 = EDGE_CURVE('',#2403,#2403,#2405,.T.);
#2403 = VERTEX_POINT('',#2404);
#2404 = CARTESIAN_POINT('',(36.7,-5.,1.51));
#2405 = CIRCLE('',#2406,0.5);
#2406 = AXIS2_PLACEMENT_3D('',#2407,#2408,#2409);
#2407 = CARTESIAN_POINT('',(36.7,-4.5,1.51));
#2408 = DIRECTION('',(-0.,0.,-1.));
#2409 = DIRECTION('',(-0.,-1.,0.));
#2410 = FACE_BOUND('',#2411,.T.);
#2411 = EDGE_LOOP('',(#2412));
#2412 = ORIENTED_EDGE('',*,*,#2413,.T.);
#2413 = EDGE_CURVE('',#2414,#2414,#2416,.T.);
#2414 = VERTEX_POINT('',#2415);
#2415 = CARTESIAN_POINT('',(39.24,-5.,1.51));
#2416 = CIRCLE('',#2417,0.5);
#2417 = AXIS2_PLACEMENT_3D('',#2418,#2419,#2420);
#2418 = CARTESIAN_POINT('',(39.24,-4.5,1.51));
#2419 = DIRECTION('',(-0.,0.,-1.));
#2420 = DIRECTION('',(-0.,-1.,0.));
#2421 = FACE_BOUND('',#2422,.T.);
#2422 = EDGE_LOOP('',(#2423));
#2423 = ORIENTED_EDGE('',*,*,#2424,.T.);
#2424 = EDGE_CURVE('',#2425,#2425,#2427,.T.);
#2425 = VERTEX_POINT('',#2426);
#2426 = CARTESIAN_POINT('',(41.78,-5.,1.51));
#2427 = CIRCLE('',#2428,0.5);
#2428 = AXIS2_PLACEMENT_3D('',#2429,#2430,#2431);
#2429 = CARTESIAN_POINT('',(41.78,-4.5,1.51));
#2430 = DIRECTION('',(-0.,0.,-1.));
#2431 = DIRECTION('',(-0.,-1.,0.));
#2432 = FACE_BOUND('',#2433,.T.);
#2433 = EDGE_LOOP('',(#2434));
#2434 = ORIENTED_EDGE('',*,*,#2435,.T.);
#2435 = EDGE_CURVE('',#2436,#2436,#2438,.T.);
#2436 = VERTEX_POINT('',#2437);
#2437 = CARTESIAN_POINT('',(36.7,-2.46,1.51));
#2438 = CIRCLE('',#2439,0.5);
#2439 = AXIS2_PLACEMENT_3D('',#2440,#2441,#2442);
#2440 = CARTESIAN_POINT('',(36.7,-1.96,1.51));
#2441 = DIRECTION('',(-0.,0.,-1.));
#2442 = DIRECTION('',(-0.,-1.,0.));
#2443 = FACE_BOUND('',#2444,.T.);
#2444 = EDGE_LOOP('',(#2445));
#2445 = ORIENTED_EDGE('',*,*,#2446,.T.);
#2446 = EDGE_CURVE('',#2447,#2447,#2449,.T.);
#2447 = VERTEX_POINT('',#2448);
#2448 = CARTESIAN_POINT('',(39.24,-2.46,1.51));
#2449 = CIRCLE('',#2450,0.5);
#2450 = AXIS2_PLACEMENT_3D('',#2451,#2452,#2453);
#2451 = CARTESIAN_POINT('',(39.24,-1.96,1.51));
#2452 = DIRECTION('',(-0.,0.,-1.));
#2453 = DIRECTION('',(-0.,-1.,0.));
#2454 = FACE_BOUND('',#2455,.T.);
#2455 = EDGE_LOOP('',(#2456));
#2456 = ORIENTED_EDGE('',*,*,#2457,.T.);
#2457 = EDGE_CURVE('',#2458,#2458,#2460,.T.);
#2458 = VERTEX_POINT('',#2459);
#2459 = CARTESIAN_POINT('',(41.78,-2.46,1.51));
#2460 = CIRCLE('',#2461,0.5);
#2461 = AXIS2_PLACEMENT_3D('',#2462,#2463,#2464);
#2462 = CARTESIAN_POINT('',(41.78,-1.96,1.51));
#2463 = DIRECTION('',(-0.,0.,-1.));
#2464 = DIRECTION('',(-0.,-1.,0.));
#2465 = FACE_BOUND('',#2466,.T.);
#2466 = EDGE_LOOP('',(#2467));
#2467 = ORIENTED_EDGE('',*,*,#2468,.T.);
#2468 = EDGE_CURVE('',#2469,#2469,#2471,.T.);
#2469 = VERTEX_POINT('',#2470);
#2470 = CARTESIAN_POINT('',(44.32,-5.,1.51));
#2471 = CIRCLE('',#2472,0.5);
#2472 = AXIS2_PLACEMENT_3D('',#2473,#2474,#2475);
#2473 = CARTESIAN_POINT('',(44.32,-4.5,1.51));
#2474 = DIRECTION('',(-0.,0.,-1.));
#2475 = DIRECTION('',(-0.,-1.,0.));
#2476 = FACE_BOUND('',#2477,.T.);
#2477 = EDGE_LOOP('',(#2478));
#2478 = ORIENTED_EDGE('',*,*,#2479,.T.);
#2479 = EDGE_CURVE('',#2480,#2480,#2482,.T.);
#2480 = VERTEX_POINT('',#2481);
#2481 = CARTESIAN_POINT('',(46.86,-5.,1.51));
#2482 = CIRCLE('',#2483,0.5);
#2483 = AXIS2_PLACEMENT_3D('',#2484,#2485,#2486);
#2484 = CARTESIAN_POINT('',(46.86,-4.5,1.51));
#2485 = DIRECTION('',(-0.,0.,-1.));
#2486 = DIRECTION('',(-0.,-1.,0.));
#2487 = FACE_BOUND('',#2488,.T.);
#2488 = EDGE_LOOP('',(#2489));
#2489 = ORIENTED_EDGE('',*,*,#2490,.T.);
#2490 = EDGE_CURVE('',#2491,#2491,#2493,.T.);
#2491 = VERTEX_POINT('',#2492);
#2492 = CARTESIAN_POINT('',(44.32,-2.46,1.51));
#2493 = CIRCLE('',#2494,0.5);
#2494 = AXIS2_PLACEMENT_3D('',#2495,#2496,#2497);
#2495 = CARTESIAN_POINT('',(44.32,-1.96,1.51));
#2496 = DIRECTION('',(-0.,0.,-1.));
#2497 = DIRECTION('',(-0.,-1.,0.));
#2498 = FACE_BOUND('',#2499,.T.);
#2499 = EDGE_LOOP('',(#2500));
#2500 = ORIENTED_EDGE('',*,*,#2501,.T.);
#2501 = EDGE_CURVE('',#2502,#2502,#2504,.T.);
#2502 = VERTEX_POINT('',#2503);
#2503 = CARTESIAN_POINT('',(46.86,-2.46,1.51));
#2504 = CIRCLE('',#2505,0.5);
#2505 = AXIS2_PLACEMENT_3D('',#2506,#2507,#2508);
#2506 = CARTESIAN_POINT('',(46.86,-1.96,1.51));
#2507 = DIRECTION('',(-0.,0.,-1.));
#2508 = DIRECTION('',(-0.,-1.,0.));
#2509 = FACE_BOUND('',#2510,.T.);
#2510 = EDGE_LOOP('',(#2511));
#2511 = ORIENTED_EDGE('',*,*,#2512,.T.);
#2512 = EDGE_CURVE('',#2513,#2513,#2515,.T.);
#2513 = VERTEX_POINT('',#2514);
#2514 = CARTESIAN_POINT('',(49.5,-25.65,1.51));
#2515 = CIRCLE('',#2516,0.15);
#2516 = AXIS2_PLACEMENT_3D('',#2517,#2518,#2519);
#2517 = CARTESIAN_POINT('',(49.5,-25.5,1.51));
#2518 = DIRECTION('',(-0.,0.,-1.));
#2519 = DIRECTION('',(-0.,-1.,0.));
#2520 = FACE_BOUND('',#2521,.T.);
#2521 = EDGE_LOOP('',(#2522));
#2522 = ORIENTED_EDGE('',*,*,#2523,.T.);
#2523 = EDGE_CURVE('',#2524,#2524,#2526,.T.);
#2524 = VERTEX_POINT('',#2525);
#2525 = CARTESIAN_POINT('',(50.5,-25.65,1.51));
#2526 = CIRCLE('',#2527,0.15);
#2527 = AXIS2_PLACEMENT_3D('',#2528,#2529,#2530);
#2528 = CARTESIAN_POINT('',(50.5,-25.5,1.51));
#2529 = DIRECTION('',(-0.,0.,-1.));
#2530 = DIRECTION('',(-0.,-1.,0.));
#2531 = FACE_BOUND('',#2532,.T.);
#2532 = EDGE_LOOP('',(#2533));
#2533 = ORIENTED_EDGE('',*,*,#2534,.T.);
#2534 = EDGE_CURVE('',#2535,#2535,#2537,.T.);
#2535 = VERTEX_POINT('',#2536);
#2536 = CARTESIAN_POINT('',(51.5,-25.65,1.51));
#2537 = CIRCLE('',#2538,0.15);
#2538 = AXIS2_PLACEMENT_3D('',#2539,#2540,#2541);
#2539 = CARTESIAN_POINT('',(51.5,-25.5,1.51));
#2540 = DIRECTION('',(-0.,0.,-1.));
#2541 = DIRECTION('',(-0.,-1.,0.));
#2542 = FACE_BOUND('',#2543,.T.);
#2543 = EDGE_LOOP('',(#2544));
#2544 = ORIENTED_EDGE('',*,*,#2545,.T.);
#2545 = EDGE_CURVE('',#2546,#2546,#2548,.T.);
#2546 = VERTEX_POINT('',#2547);
#2547 = CARTESIAN_POINT('',(52.5,-25.65,1.51));
#2548 = CIRCLE('',#2549,0.15);
#2549 = AXIS2_PLACEMENT_3D('',#2550,#2551,#2552);
#2550 = CARTESIAN_POINT('',(52.5,-25.5,1.51));
#2551 = DIRECTION('',(-0.,0.,-1.));
#2552 = DIRECTION('',(-0.,-1.,0.));
#2553 = FACE_BOUND('',#2554,.T.);
#2554 = EDGE_LOOP('',(#2555));
#2555 = ORIENTED_EDGE('',*,*,#2556,.T.);
#2556 = EDGE_CURVE('',#2557,#2557,#2559,.T.);
#2557 = VERTEX_POINT('',#2558);
#2558 = CARTESIAN_POINT('',(53.49,-25.66,1.51));
#2559 = CIRCLE('',#2560,0.15);
#2560 = AXIS2_PLACEMENT_3D('',#2561,#2562,#2563);
#2561 = CARTESIAN_POINT('',(53.49,-25.51,1.51));
#2562 = DIRECTION('',(-0.,0.,-1.));
#2563 = DIRECTION('',(-0.,-1.,0.));
#2564 = FACE_BOUND('',#2565,.T.);
#2565 = EDGE_LOOP('',(#2566));
#2566 = ORIENTED_EDGE('',*,*,#2567,.T.);
#2567 = EDGE_CURVE('',#2568,#2568,#2570,.T.);
#2568 = VERTEX_POINT('',#2569);
#2569 = CARTESIAN_POINT('',(62.16125,-30.215,1.51));
#2570 = CIRCLE('',#2571,0.15);
#2571 = AXIS2_PLACEMENT_3D('',#2572,#2573,#2574);
#2572 = CARTESIAN_POINT('',(62.16125,-30.065,1.51));
#2573 = DIRECTION('',(-0.,0.,-1.));
#2574 = DIRECTION('',(4.736951571734E-14,-1.,-0.));
#2575 = FACE_BOUND('',#2576,.T.);
#2576 = EDGE_LOOP('',(#2577));
#2577 = ORIENTED_EDGE('',*,*,#2578,.T.);
#2578 = EDGE_CURVE('',#2579,#2579,#2581,.T.);
#2579 = VERTEX_POINT('',#2580);
#2580 = CARTESIAN_POINT('',(65.18,-27.4125,1.51));
#2581 = CIRCLE('',#2582,0.15);
#2582 = AXIS2_PLACEMENT_3D('',#2583,#2584,#2585);
#2583 = CARTESIAN_POINT('',(65.18,-27.2625,1.51));
#2584 = DIRECTION('',(-0.,0.,-1.));
#2585 = DIRECTION('',(-0.,-1.,0.));
#2586 = FACE_BOUND('',#2587,.T.);
#2587 = EDGE_LOOP('',(#2588));
#2588 = ORIENTED_EDGE('',*,*,#2589,.T.);
#2589 = EDGE_CURVE('',#2590,#2590,#2592,.T.);
#2590 = VERTEX_POINT('',#2591);
#2591 = CARTESIAN_POINT('',(60.94,-25.94,1.51));
#2592 = CIRCLE('',#2593,0.15);
#2593 = AXIS2_PLACEMENT_3D('',#2594,#2595,#2596);
#2594 = CARTESIAN_POINT('',(60.94,-25.79,1.51));
#2595 = DIRECTION('',(-0.,0.,-1.));
#2596 = DIRECTION('',(-0.,-1.,0.));
#2597 = FACE_BOUND('',#2598,.T.);
#2598 = EDGE_LOOP('',(#2599));
#2599 = ORIENTED_EDGE('',*,*,#2600,.T.);
#2600 = EDGE_CURVE('',#2601,#2601,#2603,.T.);
#2601 = VERTEX_POINT('',#2602);
#2602 = CARTESIAN_POINT('',(49.53,-23.6,1.51));
#2603 = CIRCLE('',#2604,0.15);
#2604 = AXIS2_PLACEMENT_3D('',#2605,#2606,#2607);
#2605 = CARTESIAN_POINT('',(49.53,-23.45,1.51));
#2606 = DIRECTION('',(-0.,0.,-1.));
#2607 = DIRECTION('',(-0.,-1.,0.));
#2608 = FACE_BOUND('',#2609,.T.);
#2609 = EDGE_LOOP('',(#2610));
#2610 = ORIENTED_EDGE('',*,*,#2611,.T.);
#2611 = EDGE_CURVE('',#2612,#2612,#2614,.T.);
#2612 = VERTEX_POINT('',#2613);
#2613 = CARTESIAN_POINT('',(50.53,-23.6,1.51));
#2614 = CIRCLE('',#2615,0.15);
#2615 = AXIS2_PLACEMENT_3D('',#2616,#2617,#2618);
#2616 = CARTESIAN_POINT('',(50.53,-23.45,1.51));
#2617 = DIRECTION('',(-0.,0.,-1.));
#2618 = DIRECTION('',(-0.,-1.,0.));
#2619 = FACE_BOUND('',#2620,.T.);
#2620 = EDGE_LOOP('',(#2621));
#2621 = ORIENTED_EDGE('',*,*,#2622,.T.);
#2622 = EDGE_CURVE('',#2623,#2623,#2625,.T.);
#2623 = VERTEX_POINT('',#2624);
#2624 = CARTESIAN_POINT('',(51.53,-23.6,1.51));
#2625 = CIRCLE('',#2626,0.15);
#2626 = AXIS2_PLACEMENT_3D('',#2627,#2628,#2629);
#2627 = CARTESIAN_POINT('',(51.53,-23.45,1.51));
#2628 = DIRECTION('',(-0.,0.,-1.));
#2629 = DIRECTION('',(-0.,-1.,0.));
#2630 = FACE_BOUND('',#2631,.T.);
#2631 = EDGE_LOOP('',(#2632));
#2632 = ORIENTED_EDGE('',*,*,#2633,.T.);
#2633 = EDGE_CURVE('',#2634,#2634,#2636,.T.);
#2634 = VERTEX_POINT('',#2635);
#2635 = CARTESIAN_POINT('',(52.53,-23.6,1.51));
#2636 = CIRCLE('',#2637,0.15);
#2637 = AXIS2_PLACEMENT_3D('',#2638,#2639,#2640);
#2638 = CARTESIAN_POINT('',(52.53,-23.45,1.51));
#2639 = DIRECTION('',(-0.,0.,-1.));
#2640 = DIRECTION('',(-0.,-1.,0.));
#2641 = FACE_BOUND('',#2642,.T.);
#2642 = EDGE_LOOP('',(#2643));
#2643 = ORIENTED_EDGE('',*,*,#2644,.T.);
#2644 = EDGE_CURVE('',#2645,#2645,#2647,.T.);
#2645 = VERTEX_POINT('',#2646);
#2646 = CARTESIAN_POINT('',(53.52,-23.61,1.51));
#2647 = CIRCLE('',#2648,0.15);
#2648 = AXIS2_PLACEMENT_3D('',#2649,#2650,#2651);
#2649 = CARTESIAN_POINT('',(53.52,-23.46,1.51));
#2650 = DIRECTION('',(-0.,0.,-1.));
#2651 = DIRECTION('',(4.736951571734E-14,-1.,-0.));
#2652 = FACE_BOUND('',#2653,.T.);
#2653 = EDGE_LOOP('',(#2654));
#2654 = ORIENTED_EDGE('',*,*,#2655,.T.);
#2655 = EDGE_CURVE('',#2656,#2656,#2658,.T.);
#2656 = VERTEX_POINT('',#2657);
#2657 = CARTESIAN_POINT('',(51.5,-21.43,1.51));
#2658 = CIRCLE('',#2659,0.15);
#2659 = AXIS2_PLACEMENT_3D('',#2660,#2661,#2662);
#2660 = CARTESIAN_POINT('',(51.5,-21.28,1.51));
#2661 = DIRECTION('',(-0.,0.,-1.));
#2662 = DIRECTION('',(-0.,-1.,0.));
#2663 = FACE_BOUND('',#2664,.T.);
#2664 = EDGE_LOOP('',(#2665));
#2665 = ORIENTED_EDGE('',*,*,#2666,.T.);
#2666 = EDGE_CURVE('',#2667,#2667,#2669,.T.);
#2667 = VERTEX_POINT('',#2668);
#2668 = CARTESIAN_POINT('',(60.52,-19.44,1.51));
#2669 = CIRCLE('',#2670,0.15);
#2670 = AXIS2_PLACEMENT_3D('',#2671,#2672,#2673);
#2671 = CARTESIAN_POINT('',(60.52,-19.29,1.51));
#2672 = DIRECTION('',(-0.,0.,-1.));
#2673 = DIRECTION('',(4.736951571734E-14,-1.,-0.));
#2674 = FACE_BOUND('',#2675,.T.);
#2675 = EDGE_LOOP('',(#2676));
#2676 = ORIENTED_EDGE('',*,*,#2677,.T.);
#2677 = EDGE_CURVE('',#2678,#2678,#2680,.T.);
#2678 = VERTEX_POINT('',#2679);
#2679 = CARTESIAN_POINT('',(51.57,-15.26,1.51));
#2680 = CIRCLE('',#2681,0.15);
#2681 = AXIS2_PLACEMENT_3D('',#2682,#2683,#2684);
#2682 = CARTESIAN_POINT('',(51.57,-15.11,1.51));
#2683 = DIRECTION('',(-0.,0.,-1.));
#2684 = DIRECTION('',(-0.,-1.,0.));
#2685 = FACE_BOUND('',#2686,.T.);
#2686 = EDGE_LOOP('',(#2687));
#2687 = ORIENTED_EDGE('',*,*,#2688,.T.);
#2688 = EDGE_CURVE('',#2689,#2689,#2691,.T.);
#2689 = VERTEX_POINT('',#2690);
#2690 = CARTESIAN_POINT('',(49.4,-5.,1.51));
#2691 = CIRCLE('',#2692,0.5);
#2692 = AXIS2_PLACEMENT_3D('',#2693,#2694,#2695);
#2693 = CARTESIAN_POINT('',(49.4,-4.5,1.51));
#2694 = DIRECTION('',(-0.,0.,-1.));
#2695 = DIRECTION('',(-0.,-1.,0.));
#2696 = FACE_BOUND('',#2697,.T.);
#2697 = EDGE_LOOP('',(#2698));
#2698 = ORIENTED_EDGE('',*,*,#2699,.T.);
#2699 = EDGE_CURVE('',#2700,#2700,#2702,.T.);
#2700 = VERTEX_POINT('',#2701);
#2701 = CARTESIAN_POINT('',(51.94,-5.,1.51));
#2702 = CIRCLE('',#2703,0.5);
#2703 = AXIS2_PLACEMENT_3D('',#2704,#2705,#2706);
#2704 = CARTESIAN_POINT('',(51.94,-4.5,1.51));
#2705 = DIRECTION('',(-0.,0.,-1.));
#2706 = DIRECTION('',(-0.,-1.,0.));
#2707 = FACE_BOUND('',#2708,.T.);
#2708 = EDGE_LOOP('',(#2709));
#2709 = ORIENTED_EDGE('',*,*,#2710,.T.);
#2710 = EDGE_CURVE('',#2711,#2711,#2713,.T.);
#2711 = VERTEX_POINT('',#2712);
#2712 = CARTESIAN_POINT('',(49.4,-2.46,1.51));
#2713 = CIRCLE('',#2714,0.5);
#2714 = AXIS2_PLACEMENT_3D('',#2715,#2716,#2717);
#2715 = CARTESIAN_POINT('',(49.4,-1.96,1.51));
#2716 = DIRECTION('',(-0.,0.,-1.));
#2717 = DIRECTION('',(-0.,-1.,0.));
#2718 = FACE_BOUND('',#2719,.T.);
#2719 = EDGE_LOOP('',(#2720));
#2720 = ORIENTED_EDGE('',*,*,#2721,.T.);
#2721 = EDGE_CURVE('',#2722,#2722,#2724,.T.);
#2722 = VERTEX_POINT('',#2723);
#2723 = CARTESIAN_POINT('',(51.94,-2.46,1.51));
#2724 = CIRCLE('',#2725,0.5);
#2725 = AXIS2_PLACEMENT_3D('',#2726,#2727,#2728);
#2726 = CARTESIAN_POINT('',(51.94,-1.96,1.51));
#2727 = DIRECTION('',(-0.,0.,-1.));
#2728 = DIRECTION('',(-0.,-1.,0.));
#2729 = FACE_BOUND('',#2730,.T.);
#2730 = EDGE_LOOP('',(#2731));
#2731 = ORIENTED_EDGE('',*,*,#2732,.T.);
#2732 = EDGE_CURVE('',#2733,#2733,#2735,.T.);
#2733 = VERTEX_POINT('',#2734);
#2734 = CARTESIAN_POINT('',(54.48,-5.,1.51));
#2735 = CIRCLE('',#2736,0.5);
#2736 = AXIS2_PLACEMENT_3D('',#2737,#2738,#2739);
#2737 = CARTESIAN_POINT('',(54.48,-4.5,1.51));
#2738 = DIRECTION('',(-0.,0.,-1.));
#2739 = DIRECTION('',(-0.,-1.,0.));
#2740 = FACE_BOUND('',#2741,.T.);
#2741 = EDGE_LOOP('',(#2742));
#2742 = ORIENTED_EDGE('',*,*,#2743,.T.);
#2743 = EDGE_CURVE('',#2744,#2744,#2746,.T.);
#2744 = VERTEX_POINT('',#2745);
#2745 = CARTESIAN_POINT('',(57.02,-5.,1.51));
#2746 = CIRCLE('',#2747,0.5);
#2747 = AXIS2_PLACEMENT_3D('',#2748,#2749,#2750);
#2748 = CARTESIAN_POINT('',(57.02,-4.5,1.51));
#2749 = DIRECTION('',(-0.,0.,-1.));
#2750 = DIRECTION('',(-0.,-1.,0.));
#2751 = FACE_BOUND('',#2752,.T.);
#2752 = EDGE_LOOP('',(#2753));
#2753 = ORIENTED_EDGE('',*,*,#2754,.T.);
#2754 = EDGE_CURVE('',#2755,#2755,#2757,.T.);
#2755 = VERTEX_POINT('',#2756);
#2756 = CARTESIAN_POINT('',(59.56,-5.,1.51));
#2757 = CIRCLE('',#2758,0.5);
#2758 = AXIS2_PLACEMENT_3D('',#2759,#2760,#2761);
#2759 = CARTESIAN_POINT('',(59.56,-4.5,1.51));
#2760 = DIRECTION('',(-0.,0.,-1.));
#2761 = DIRECTION('',(-0.,-1.,0.));
#2762 = FACE_BOUND('',#2763,.T.);
#2763 = EDGE_LOOP('',(#2764));
#2764 = ORIENTED_EDGE('',*,*,#2765,.T.);
#2765 = EDGE_CURVE('',#2766,#2766,#2768,.T.);
#2766 = VERTEX_POINT('',#2767);
#2767 = CARTESIAN_POINT('',(54.48,-2.46,1.51));
#2768 = CIRCLE('',#2769,0.5);
#2769 = AXIS2_PLACEMENT_3D('',#2770,#2771,#2772);
#2770 = CARTESIAN_POINT('',(54.48,-1.96,1.51));
#2771 = DIRECTION('',(-0.,0.,-1.));
#2772 = DIRECTION('',(-0.,-1.,0.));
#2773 = FACE_BOUND('',#2774,.T.);
#2774 = EDGE_LOOP('',(#2775));
#2775 = ORIENTED_EDGE('',*,*,#2776,.T.);
#2776 = EDGE_CURVE('',#2777,#2777,#2779,.T.);
#2777 = VERTEX_POINT('',#2778);
#2778 = CARTESIAN_POINT('',(57.02,-2.46,1.51));
#2779 = CIRCLE('',#2780,0.5);
#2780 = AXIS2_PLACEMENT_3D('',#2781,#2782,#2783);
#2781 = CARTESIAN_POINT('',(57.02,-1.96,1.51));
#2782 = DIRECTION('',(-0.,0.,-1.));
#2783 = DIRECTION('',(-0.,-1.,0.));
#2784 = FACE_BOUND('',#2785,.T.);
#2785 = EDGE_LOOP('',(#2786));
#2786 = ORIENTED_EDGE('',*,*,#2787,.T.);
#2787 = EDGE_CURVE('',#2788,#2788,#2790,.T.);
#2788 = VERTEX_POINT('',#2789);
#2789 = CARTESIAN_POINT('',(59.56,-2.46,1.51));
#2790 = CIRCLE('',#2791,0.5);
#2791 = AXIS2_PLACEMENT_3D('',#2792,#2793,#2794);
#2792 = CARTESIAN_POINT('',(59.56,-1.96,1.51));
#2793 = DIRECTION('',(-0.,0.,-1.));
#2794 = DIRECTION('',(-0.,-1.,0.));
#2795 = FACE_BOUND('',#2796,.T.);
#2796 = EDGE_LOOP('',(#2797));
#2797 = ORIENTED_EDGE('',*,*,#2798,.T.);
#2798 = EDGE_CURVE('',#2799,#2799,#2801,.T.);
#2799 = VERTEX_POINT('',#2800);
#2800 = CARTESIAN_POINT('',(62.1,-5.,1.51));
#2801 = CIRCLE('',#2802,0.5);
#2802 = AXIS2_PLACEMENT_3D('',#2803,#2804,#2805);
#2803 = CARTESIAN_POINT('',(62.1,-4.5,1.51));
#2804 = DIRECTION('',(-0.,0.,-1.));
#2805 = DIRECTION('',(-0.,-1.,0.));
#2806 = FACE_BOUND('',#2807,.T.);
#2807 = EDGE_LOOP('',(#2808));
#2808 = ORIENTED_EDGE('',*,*,#2809,.T.);
#2809 = EDGE_CURVE('',#2810,#2810,#2812,.T.);
#2810 = VERTEX_POINT('',#2811);
#2811 = CARTESIAN_POINT('',(64.64,-5.,1.51));
#2812 = CIRCLE('',#2813,0.5);
#2813 = AXIS2_PLACEMENT_3D('',#2814,#2815,#2816);
#2814 = CARTESIAN_POINT('',(64.64,-4.5,1.51));
#2815 = DIRECTION('',(-0.,0.,-1.));
#2816 = DIRECTION('',(-0.,-1.,0.));
#2817 = FACE_BOUND('',#2818,.T.);
#2818 = EDGE_LOOP('',(#2819));
#2819 = ORIENTED_EDGE('',*,*,#2820,.T.);
#2820 = EDGE_CURVE('',#2821,#2821,#2823,.T.);
#2821 = VERTEX_POINT('',#2822);
#2822 = CARTESIAN_POINT('',(62.1,-2.46,1.51));
#2823 = CIRCLE('',#2824,0.5);
#2824 = AXIS2_PLACEMENT_3D('',#2825,#2826,#2827);
#2825 = CARTESIAN_POINT('',(62.1,-1.96,1.51));
#2826 = DIRECTION('',(-0.,0.,-1.));
#2827 = DIRECTION('',(-0.,-1.,0.));
#2828 = FACE_BOUND('',#2829,.T.);
#2829 = EDGE_LOOP('',(#2830));
#2830 = ORIENTED_EDGE('',*,*,#2831,.T.);
#2831 = EDGE_CURVE('',#2832,#2832,#2834,.T.);
#2832 = VERTEX_POINT('',#2833);
#2833 = CARTESIAN_POINT('',(64.64,-2.46,1.51));
#2834 = CIRCLE('',#2835,0.5);
#2835 = AXIS2_PLACEMENT_3D('',#2836,#2837,#2838);
#2836 = CARTESIAN_POINT('',(64.64,-1.96,1.51));
#2837 = DIRECTION('',(-0.,0.,-1.));
#2838 = DIRECTION('',(-0.,-1.,0.));
#2839 = FACE_BOUND('',#2840,.T.);
#2840 = EDGE_LOOP('',(#2841));
#2841 = ORIENTED_EDGE('',*,*,#2842,.T.);
#2842 = EDGE_CURVE('',#2843,#2843,#2845,.T.);
#2843 = VERTEX_POINT('',#2844);
#2844 = CARTESIAN_POINT('',(67.18,-5.,1.51));
#2845 = CIRCLE('',#2846,0.5);
#2846 = AXIS2_PLACEMENT_3D('',#2847,#2848,#2849);
#2847 = CARTESIAN_POINT('',(67.18,-4.5,1.51));
#2848 = DIRECTION('',(-0.,0.,-1.));
#2849 = DIRECTION('',(-0.,-1.,0.));
#2850 = FACE_BOUND('',#2851,.T.);
#2851 = EDGE_LOOP('',(#2852));
#2852 = ORIENTED_EDGE('',*,*,#2853,.T.);
#2853 = EDGE_CURVE('',#2854,#2854,#2856,.T.);
#2854 = VERTEX_POINT('',#2855);
#2855 = CARTESIAN_POINT('',(69.72,-5.,1.51));
#2856 = CIRCLE('',#2857,0.5);
#2857 = AXIS2_PLACEMENT_3D('',#2858,#2859,#2860);
#2858 = CARTESIAN_POINT('',(69.72,-4.5,1.51));
#2859 = DIRECTION('',(-0.,0.,-1.));
#2860 = DIRECTION('',(-0.,-1.,0.));
#2861 = FACE_BOUND('',#2862,.T.);
#2862 = EDGE_LOOP('',(#2863));
#2863 = ORIENTED_EDGE('',*,*,#2864,.T.);
#2864 = EDGE_CURVE('',#2865,#2865,#2867,.T.);
#2865 = VERTEX_POINT('',#2866);
#2866 = CARTESIAN_POINT('',(67.18,-2.46,1.51));
#2867 = CIRCLE('',#2868,0.5);
#2868 = AXIS2_PLACEMENT_3D('',#2869,#2870,#2871);
#2869 = CARTESIAN_POINT('',(67.18,-1.96,1.51));
#2870 = DIRECTION('',(-0.,0.,-1.));
#2871 = DIRECTION('',(-0.,-1.,0.));
#2872 = FACE_BOUND('',#2873,.T.);
#2873 = EDGE_LOOP('',(#2874));
#2874 = ORIENTED_EDGE('',*,*,#2875,.T.);
#2875 = EDGE_CURVE('',#2876,#2876,#2878,.T.);
#2876 = VERTEX_POINT('',#2877);
#2877 = CARTESIAN_POINT('',(69.72,-2.46,1.51));
#2878 = CIRCLE('',#2879,0.5);
#2879 = AXIS2_PLACEMENT_3D('',#2880,#2881,#2882);
#2880 = CARTESIAN_POINT('',(69.72,-1.96,1.51));
#2881 = DIRECTION('',(-0.,0.,-1.));
#2882 = DIRECTION('',(-0.,-1.,0.));
#2883 = FACE_BOUND('',#2884,.T.);
#2884 = EDGE_LOOP('',(#2885));
#2885 = ORIENTED_EDGE('',*,*,#2886,.T.);
#2886 = EDGE_CURVE('',#2887,#2887,#2889,.T.);
#2887 = VERTEX_POINT('',#2888);
#2888 = CARTESIAN_POINT('',(72.26,-5.,1.51));
#2889 = CIRCLE('',#2890,0.5);
#2890 = AXIS2_PLACEMENT_3D('',#2891,#2892,#2893);
#2891 = CARTESIAN_POINT('',(72.26,-4.5,1.51));
#2892 = DIRECTION('',(-0.,0.,-1.));
#2893 = DIRECTION('',(-0.,-1.,0.));
#2894 = FACE_BOUND('',#2895,.T.);
#2895 = EDGE_LOOP('',(#2896));
#2896 = ORIENTED_EDGE('',*,*,#2897,.T.);
#2897 = EDGE_CURVE('',#2898,#2898,#2900,.T.);
#2898 = VERTEX_POINT('',#2899);
#2899 = CARTESIAN_POINT('',(72.26,-2.46,1.51));
#2900 = CIRCLE('',#2901,0.5);
#2901 = AXIS2_PLACEMENT_3D('',#2902,#2903,#2904);
#2902 = CARTESIAN_POINT('',(72.26,-1.96,1.51));
#2903 = DIRECTION('',(-0.,0.,-1.));
#2904 = DIRECTION('',(-0.,-1.,0.));
#2905 = FACE_BOUND('',#2906,.T.);
#2906 = EDGE_LOOP('',(#2907));
#2907 = ORIENTED_EDGE('',*,*,#2908,.T.);
#2908 = EDGE_CURVE('',#2909,#2909,#2911,.T.);
#2909 = VERTEX_POINT('',#2910);
#2910 = CARTESIAN_POINT('',(94.,-5.,1.51));
#2911 = CIRCLE('',#2912,2.);
#2912 = AXIS2_PLACEMENT_3D('',#2913,#2914,#2915);
#2913 = CARTESIAN_POINT('',(94.,-3.,1.51));
#2914 = DIRECTION('',(-0.,0.,-1.));
#2915 = DIRECTION('',(-0.,-1.,0.));
#2916 = PLANE('',#2917);
#2917 = AXIS2_PLACEMENT_3D('',#2918,#2919,#2920);
#2918 = CARTESIAN_POINT('',(0.,0.,1.51));
#2919 = DIRECTION('',(0.,0.,1.));
#2920 = DIRECTION('',(1.,0.,-0.));
#2921 = ADVANCED_FACE('',(#2922),#2933,.T.);
#2922 = FACE_BOUND('',#2923,.T.);
#2923 = EDGE_LOOP('',(#2924,#2930,#2931,#2932));
#2924 = ORIENTED_EDGE('',*,*,#2925,.T.);
#2925 = EDGE_CURVE('',#146,#1537,#2926,.T.);
#2926 = LINE('',#2927,#2928);
#2927 = CARTESIAN_POINT('',(-0.5,-3.,0.));
#2928 = VECTOR('',#2929,1.);
#2929 = DIRECTION('',(0.,0.,1.));
#2930 = ORIENTED_EDGE('',*,*,#1536,.T.);
#2931 = ORIENTED_EDGE('',*,*,#81,.F.);
#2932 = ORIENTED_EDGE('',*,*,#145,.F.);
#2933 = CYLINDRICAL_SURFACE('',#2934,3.499999092342);
#2934 = AXIS2_PLACEMENT_3D('',#2935,#2936,#2937);
#2935 = CARTESIAN_POINT('',(2.999999092342,-2.999999092342,0.));
#2936 = DIRECTION('',(0.,0.,-1.));
#2937 = DIRECTION('',(-1.,-2.593310485767E-07,-0.));
#2938 = ADVANCED_FACE('',(#2939),#2950,.T.);
#2939 = FACE_BOUND('',#2940,.T.);
#2940 = EDGE_LOOP('',(#2941,#2942,#2943,#2949));
#2941 = ORIENTED_EDGE('',*,*,#121,.T.);
#2942 = ORIENTED_EDGE('',*,*,#1798,.T.);
#2943 = ORIENTED_EDGE('',*,*,#2944,.F.);
#2944 = EDGE_CURVE('',#400,#1791,#2945,.T.);
#2945 = LINE('',#2946,#2947);
#2946 = CARTESIAN_POINT('',(94.,-8.025126,0.));
#2947 = VECTOR('',#2948,1.);
#2948 = DIRECTION('',(0.,0.,1.));
#2949 = ORIENTED_EDGE('',*,*,#407,.F.);
#2950 = CYLINDRICAL_SURFACE('',#2951,3.499999092342);
#2951 = AXIS2_PLACEMENT_3D('',#2952,#2953,#2954);
#2952 = CARTESIAN_POINT('',(94.000000907658,-4.525126907658,0.));
#2953 = DIRECTION('',(0.,0.,-1.));
#2954 = DIRECTION('',(1.,2.59331048323E-07,0.));
#2955 = ADVANCED_FACE('',(#2956),#2967,.T.);
#2956 = FACE_BOUND('',#2957,.T.);
#2957 = EDGE_LOOP('',(#2958,#2964,#2965,#2966));
#2958 = ORIENTED_EDGE('',*,*,#2959,.T.);
#2959 = EDGE_CURVE('',#155,#1546,#2960,.T.);
#2960 = LINE('',#2961,#2962);
#2961 = CARTESIAN_POINT('',(-0.5,-6.5,0.));
#2962 = VECTOR('',#2963,1.);
#2963 = DIRECTION('',(0.,0.,1.));
#2964 = ORIENTED_EDGE('',*,*,#1545,.T.);
#2965 = ORIENTED_EDGE('',*,*,#2925,.F.);
#2966 = ORIENTED_EDGE('',*,*,#154,.F.);
#2967 = PLANE('',#2968);
#2968 = AXIS2_PLACEMENT_3D('',#2969,#2970,#2971);
#2969 = CARTESIAN_POINT('',(-0.5,-6.5,0.));
#2970 = DIRECTION('',(-1.,0.,0.));
#2971 = DIRECTION('',(0.,1.,0.));
#2972 = ADVANCED_FACE('',(#2973),#2984,.T.);
#2973 = FACE_BOUND('',#2974,.T.);
#2974 = EDGE_LOOP('',(#2975,#2976,#2977,#2983));
#2975 = ORIENTED_EDGE('',*,*,#2944,.T.);
#2976 = ORIENTED_EDGE('',*,*,#1790,.T.);
#2977 = ORIENTED_EDGE('',*,*,#2978,.F.);
#2978 = EDGE_CURVE('',#391,#1782,#2979,.T.);
#2979 = LINE('',#2980,#2981);
#2980 = CARTESIAN_POINT('',(77.5,-8.,0.));
#2981 = VECTOR('',#2982,1.);
#2982 = DIRECTION('',(0.,0.,1.));
#2983 = ORIENTED_EDGE('',*,*,#399,.F.);
#2984 = PLANE('',#2985);
#2985 = AXIS2_PLACEMENT_3D('',#2986,#2987,#2988);
#2986 = CARTESIAN_POINT('',(94.,-8.025126,0.));
#2987 = DIRECTION('',(-1.522786113208E-03,-0.999998840561,0.));
#2988 = DIRECTION('',(-0.999998840561,1.522786113208E-03,0.));
#2989 = ADVANCED_FACE('',(#2990),#3001,.T.);
#2990 = FACE_BOUND('',#2991,.T.);
#2991 = EDGE_LOOP('',(#2992,#2998,#2999,#3000));
#2992 = ORIENTED_EDGE('',*,*,#2993,.T.);
#2993 = EDGE_CURVE('',#163,#1554,#2994,.T.);
#2994 = LINE('',#2995,#2996);
#2995 = CARTESIAN_POINT('',(3.,-10.,0.));
#2996 = VECTOR('',#2997,1.);
#2997 = DIRECTION('',(0.,0.,1.));
#2998 = ORIENTED_EDGE('',*,*,#1553,.T.);
#2999 = ORIENTED_EDGE('',*,*,#2959,.F.);
#3000 = ORIENTED_EDGE('',*,*,#162,.F.);
#3001 = CYLINDRICAL_SURFACE('',#3002,3.499999092342);
#3002 = AXIS2_PLACEMENT_3D('',#3003,#3004,#3005);
#3003 = CARTESIAN_POINT('',(2.999999092342,-6.500000907658,0.));
#3004 = DIRECTION('',(0.,0.,-1.));
#3005 = DIRECTION('',(2.593310485767E-07,-1.,0.));
#3006 = ADVANCED_FACE('',(#3007),#3018,.F.);
#3007 = FACE_BOUND('',#3008,.T.);
#3008 = EDGE_LOOP('',(#3009,#3010,#3011,#3017));
#3009 = ORIENTED_EDGE('',*,*,#2978,.T.);
#3010 = ORIENTED_EDGE('',*,*,#1781,.T.);
#3011 = ORIENTED_EDGE('',*,*,#3012,.F.);
#3012 = EDGE_CURVE('',#383,#1774,#3013,.T.);
#3013 = LINE('',#3014,#3015);
#3014 = CARTESIAN_POINT('',(74.,-11.5,0.));
#3015 = VECTOR('',#3016,1.);
#3016 = DIRECTION('',(0.,0.,1.));
#3017 = ORIENTED_EDGE('',*,*,#390,.F.);
#3018 = CYLINDRICAL_SURFACE('',#3019,3.499999092342);
#3019 = AXIS2_PLACEMENT_3D('',#3020,#3021,#3022);
#3020 = CARTESIAN_POINT('',(77.499999092342,-11.49999909234,0.));
#3021 = DIRECTION('',(-0.,-0.,-1.));
#3022 = DIRECTION('',(2.593310478154E-07,1.,-0.));
#3023 = ADVANCED_FACE('',(#3024),#3035,.T.);
#3024 = FACE_BOUND('',#3025,.T.);
#3025 = EDGE_LOOP('',(#3026,#3032,#3033,#3034));
#3026 = ORIENTED_EDGE('',*,*,#3027,.T.);
#3027 = EDGE_CURVE('',#172,#1563,#3028,.T.);
#3028 = LINE('',#3029,#3030);
#3029 = CARTESIAN_POINT('',(9.499999,-10.000001,0.));
#3030 = VECTOR('',#3031,1.);
#3031 = DIRECTION('',(0.,0.,1.));
#3032 = ORIENTED_EDGE('',*,*,#1562,.T.);
#3033 = ORIENTED_EDGE('',*,*,#2993,.F.);
#3034 = ORIENTED_EDGE('',*,*,#171,.F.);
#3035 = PLANE('',#3036);
#3036 = AXIS2_PLACEMENT_3D('',#3037,#3038,#3039);
#3037 = CARTESIAN_POINT('',(9.499999,-10.000001,0.));
#3038 = DIRECTION('',(-1.538461773997E-07,-1.,0.));
#3039 = DIRECTION('',(-1.,1.538461773997E-07,0.));
#3040 = ADVANCED_FACE('',(#3041),#3052,.T.);
#3041 = FACE_BOUND('',#3042,.T.);
#3042 = EDGE_LOOP('',(#3043,#3044,#3045,#3051));
#3043 = ORIENTED_EDGE('',*,*,#3012,.T.);
#3044 = ORIENTED_EDGE('',*,*,#1773,.T.);
#3045 = ORIENTED_EDGE('',*,*,#3046,.F.);
#3046 = EDGE_CURVE('',#374,#1765,#3047,.T.);
#3047 = LINE('',#3048,#3049);
#3048 = CARTESIAN_POINT('',(74.000001,-45.999999,0.));
#3049 = VECTOR('',#3050,1.);
#3050 = DIRECTION('',(0.,0.,1.));
#3051 = ORIENTED_EDGE('',*,*,#382,.F.);
#3052 = PLANE('',#3053);
#3053 = AXIS2_PLACEMENT_3D('',#3054,#3055,#3056);
#3054 = CARTESIAN_POINT('',(74.,-11.5,0.));
#3055 = DIRECTION('',(1.,2.898550801336E-08,-0.));
#3056 = DIRECTION('',(2.898550801336E-08,-1.,0.));
#3057 = ADVANCED_FACE('',(#3058),#3069,.F.);
#3058 = FACE_BOUND('',#3059,.T.);
#3059 = EDGE_LOOP('',(#3060,#3066,#3067,#3068));
#3060 = ORIENTED_EDGE('',*,*,#3061,.T.);
#3061 = EDGE_CURVE('',#180,#1571,#3062,.T.);
#3062 = LINE('',#3063,#3064);
#3063 = CARTESIAN_POINT('',(12.999999,-13.500001,0.));
#3064 = VECTOR('',#3065,1.);
#3065 = DIRECTION('',(0.,0.,1.));
#3066 = ORIENTED_EDGE('',*,*,#1570,.T.);
#3067 = ORIENTED_EDGE('',*,*,#3027,.F.);
#3068 = ORIENTED_EDGE('',*,*,#179,.F.);
#3069 = CYLINDRICAL_SURFACE('',#3070,3.499999092342);
#3070 = AXIS2_PLACEMENT_3D('',#3071,#3072,#3073);
#3071 = CARTESIAN_POINT('',(9.499999907658,-13.50000009234,0.));
#3072 = DIRECTION('',(-0.,-0.,-1.));
#3073 = DIRECTION('',(1.,-2.59331048323E-07,0.));
#3074 = ADVANCED_FACE('',(#3075),#3086,.F.);
#3075 = FACE_BOUND('',#3076,.T.);
#3076 = EDGE_LOOP('',(#3077,#3078,#3079,#3085));
#3077 = ORIENTED_EDGE('',*,*,#3046,.T.);
#3078 = ORIENTED_EDGE('',*,*,#1764,.T.);
#3079 = ORIENTED_EDGE('',*,*,#3080,.F.);
#3080 = EDGE_CURVE('',#366,#1757,#3081,.T.);
#3081 = LINE('',#3082,#3083);
#3082 = CARTESIAN_POINT('',(77.500001,-49.499999,0.));
#3083 = VECTOR('',#3084,1.);
#3084 = DIRECTION('',(0.,0.,1.));
#3085 = ORIENTED_EDGE('',*,*,#373,.F.);
#3086 = CYLINDRICAL_SURFACE('',#3087,3.499999092342);
#3087 = AXIS2_PLACEMENT_3D('',#3088,#3089,#3090);
#3088 = CARTESIAN_POINT('',(77.500000092342,-45.99999990765,0.));
#3089 = DIRECTION('',(-0.,-0.,-1.));
#3090 = DIRECTION('',(-1.,2.593310478154E-07,0.));
#3091 = ADVANCED_FACE('',(#3092),#3103,.T.);
#3092 = FACE_BOUND('',#3093,.T.);
#3093 = EDGE_LOOP('',(#3094,#3100,#3101,#3102));
#3094 = ORIENTED_EDGE('',*,*,#3095,.T.);
#3095 = EDGE_CURVE('',#189,#1580,#3096,.T.);
#3096 = LINE('',#3097,#3098);
#3097 = CARTESIAN_POINT('',(12.956781,-51.425313,0.));
#3098 = VECTOR('',#3099,1.);
#3099 = DIRECTION('',(0.,0.,1.));
#3100 = ORIENTED_EDGE('',*,*,#1579,.T.);
#3101 = ORIENTED_EDGE('',*,*,#3061,.F.);
#3102 = ORIENTED_EDGE('',*,*,#188,.F.);
#3103 = PLANE('',#3104);
#3104 = AXIS2_PLACEMENT_3D('',#3105,#3106,#3107);
#3105 = CARTESIAN_POINT('',(12.956781,-51.425313,0.));
#3106 = DIRECTION('',(-0.999999350707,1.139554816025E-03,0.));
#3107 = DIRECTION('',(1.139554816025E-03,0.999999350707,0.));
#3108 = ADVANCED_FACE('',(#3109),#3120,.T.);
#3109 = FACE_BOUND('',#3110,.T.);
#3110 = EDGE_LOOP('',(#3111,#3112,#3113,#3119));
#3111 = ORIENTED_EDGE('',*,*,#3080,.T.);
#3112 = ORIENTED_EDGE('',*,*,#1756,.T.);
#3113 = ORIENTED_EDGE('',*,*,#3114,.F.);
#3114 = EDGE_CURVE('',#357,#1748,#3115,.T.);
#3115 = LINE('',#3116,#3117);
#3116 = CARTESIAN_POINT('',(82.,-49.5,0.));
#3117 = VECTOR('',#3118,1.);
#3118 = DIRECTION('',(0.,0.,1.));
#3119 = ORIENTED_EDGE('',*,*,#365,.F.);
#3120 = PLANE('',#3121);
#3121 = AXIS2_PLACEMENT_3D('',#3122,#3123,#3124);
#3122 = CARTESIAN_POINT('',(77.500001,-49.499999,0.));
#3123 = DIRECTION('',(2.222222710439E-07,1.,-0.));
#3124 = DIRECTION('',(1.,-2.222222710439E-07,0.));
#3125 = ADVANCED_FACE('',(#3126),#3137,.F.);
#3126 = FACE_BOUND('',#3127,.T.);
#3127 = EDGE_LOOP('',(#3128,#3134,#3135,#3136));
#3128 = ORIENTED_EDGE('',*,*,#3129,.T.);
#3129 = EDGE_CURVE('',#197,#1588,#3130,.T.);
#3130 = LINE('',#3131,#3132);
#3131 = CARTESIAN_POINT('',(11.5,-53.,0.));
#3132 = VECTOR('',#3133,1.);
#3133 = DIRECTION('',(0.,0.,1.));
#3134 = ORIENTED_EDGE('',*,*,#1587,.T.);
#3135 = ORIENTED_EDGE('',*,*,#3095,.F.);
#3136 = ORIENTED_EDGE('',*,*,#196,.F.);
#3137 = CYLINDRICAL_SURFACE('',#3138,1.72173577046);
#3138 = AXIS2_PLACEMENT_3D('',#3139,#3140,#3141);
#3139 = CARTESIAN_POINT('',(11.239755309193,-51.29804619211,0.));
#3140 = DIRECTION('',(-0.,-0.,-1.));
#3141 = DIRECTION('',(0.151152514382,-0.988510453863,0.));
#3142 = ADVANCED_FACE('',(#3143),#3154,.T.);
#3143 = FACE_BOUND('',#3144,.T.);
#3144 = EDGE_LOOP('',(#3145,#3146,#3147,#3153));
#3145 = ORIENTED_EDGE('',*,*,#3114,.T.);
#3146 = ORIENTED_EDGE('',*,*,#1747,.T.);
#3147 = ORIENTED_EDGE('',*,*,#3148,.F.);
#3148 = EDGE_CURVE('',#349,#1740,#3149,.T.);
#3149 = LINE('',#3150,#3151);
#3150 = CARTESIAN_POINT('',(85.5,-53.,0.));
#3151 = VECTOR('',#3152,1.);
#3152 = DIRECTION('',(0.,0.,1.));
#3153 = ORIENTED_EDGE('',*,*,#356,.F.);
#3154 = CYLINDRICAL_SURFACE('',#3155,3.499999092342);
#3155 = AXIS2_PLACEMENT_3D('',#3156,#3157,#3158);
#3156 = CARTESIAN_POINT('',(82.000000907658,-52.99999909234,0.));
#3157 = DIRECTION('',(0.,0.,-1.));
#3158 = DIRECTION('',(-2.593310478154E-07,1.,0.));
#3159 = ADVANCED_FACE('',(#3160),#3171,.T.);
#3160 = FACE_BOUND('',#3161,.T.);
#3161 = EDGE_LOOP('',(#3162,#3168,#3169,#3170));
#3162 = ORIENTED_EDGE('',*,*,#3163,.T.);
#3163 = EDGE_CURVE('',#206,#1597,#3164,.T.);
#3164 = LINE('',#3165,#3166);
#3165 = CARTESIAN_POINT('',(11.3,-53.025,0.));
#3166 = VECTOR('',#3167,1.);
#3167 = DIRECTION('',(0.,0.,1.));
#3168 = ORIENTED_EDGE('',*,*,#1596,.T.);
#3169 = ORIENTED_EDGE('',*,*,#3129,.F.);
#3170 = ORIENTED_EDGE('',*,*,#205,.F.);
#3171 = PLANE('',#3172);
#3172 = AXIS2_PLACEMENT_3D('',#3173,#3174,#3175);
#3173 = CARTESIAN_POINT('',(11.3,-53.025,0.));
#3174 = DIRECTION('',(-0.124034734589,0.992277876714,0.));
#3175 = DIRECTION('',(0.992277876714,0.124034734589,0.));
#3176 = ADVANCED_FACE('',(#3177),#3188,.T.);
#3177 = FACE_BOUND('',#3178,.T.);
#3178 = EDGE_LOOP('',(#3179,#3180,#3181,#3187));
#3179 = ORIENTED_EDGE('',*,*,#3148,.T.);
#3180 = ORIENTED_EDGE('',*,*,#1739,.T.);
#3181 = ORIENTED_EDGE('',*,*,#3182,.F.);
#3182 = EDGE_CURVE('',#341,#1732,#3183,.T.);
#3183 = LINE('',#3184,#3185);
#3184 = CARTESIAN_POINT('',(85.5,-59.,0.));
#3185 = VECTOR('',#3186,1.);
#3186 = DIRECTION('',(0.,0.,1.));
#3187 = ORIENTED_EDGE('',*,*,#348,.F.);
#3188 = PLANE('',#3189);
#3189 = AXIS2_PLACEMENT_3D('',#3190,#3191,#3192);
#3190 = CARTESIAN_POINT('',(85.5,-53.,0.));
#3191 = DIRECTION('',(1.,0.,-0.));
#3192 = DIRECTION('',(0.,-1.,0.));
#3193 = ADVANCED_FACE('',(#3194),#3205,.T.);
#3194 = FACE_BOUND('',#3195,.T.);
#3195 = EDGE_LOOP('',(#3196,#3202,#3203,#3204));
#3196 = ORIENTED_EDGE('',*,*,#3197,.T.);
#3197 = EDGE_CURVE('',#214,#1605,#3198,.T.);
#3198 = LINE('',#3199,#3200);
#3199 = CARTESIAN_POINT('',(8.522543,-56.500278,0.));
#3200 = VECTOR('',#3201,1.);
#3201 = DIRECTION('',(0.,0.,1.));
#3202 = ORIENTED_EDGE('',*,*,#1604,.T.);
#3203 = ORIENTED_EDGE('',*,*,#3163,.F.);
#3204 = ORIENTED_EDGE('',*,*,#213,.F.);
#3205 = CYLINDRICAL_SURFACE('',#3206,3.459118073561);
#3206 = AXIS2_PLACEMENT_3D('',#3207,#3208,#3209);
#3207 = CARTESIAN_POINT('',(11.980646203782,-56.41649208934,0.));
#3208 = DIRECTION('',(0.,0.,-1.));
#3209 = DIRECTION('',(-0.999706610252,-2.42217550457E-02,-0.));
#3210 = ADVANCED_FACE('',(#3211),#3222,.T.);
#3211 = FACE_BOUND('',#3212,.T.);
#3212 = EDGE_LOOP('',(#3213,#3214,#3215,#3221));
#3213 = ORIENTED_EDGE('',*,*,#3182,.T.);
#3214 = ORIENTED_EDGE('',*,*,#1731,.T.);
#3215 = ORIENTED_EDGE('',*,*,#3216,.F.);
#3216 = EDGE_CURVE('',#332,#1723,#3217,.T.);
#3217 = LINE('',#3218,#3219);
#3218 = CARTESIAN_POINT('',(85.5,-63.,0.));
#3219 = VECTOR('',#3220,1.);
#3220 = DIRECTION('',(0.,0.,1.));
#3221 = ORIENTED_EDGE('',*,*,#340,.F.);
#3222 = PLANE('',#3223);
#3223 = AXIS2_PLACEMENT_3D('',#3224,#3225,#3226);
#3224 = CARTESIAN_POINT('',(85.5,-59.,0.));
#3225 = DIRECTION('',(1.,0.,-0.));
#3226 = DIRECTION('',(0.,-1.,0.));
#3227 = ADVANCED_FACE('',(#3228),#3239,.T.);
#3228 = FACE_BOUND('',#3229,.T.);
#3229 = EDGE_LOOP('',(#3230,#3236,#3237,#3238));
#3230 = ORIENTED_EDGE('',*,*,#3231,.T.);
#3231 = EDGE_CURVE('',#223,#1614,#3232,.T.);
#3232 = LINE('',#3233,#3234);
#3233 = CARTESIAN_POINT('',(8.5,-63.,0.));
#3234 = VECTOR('',#3235,1.);
#3235 = DIRECTION('',(0.,0.,1.));
#3236 = ORIENTED_EDGE('',*,*,#1613,.T.);
#3237 = ORIENTED_EDGE('',*,*,#3197,.F.);
#3238 = ORIENTED_EDGE('',*,*,#222,.F.);
#3239 = PLANE('',#3240);
#3240 = AXIS2_PLACEMENT_3D('',#3241,#3242,#3243);
#3241 = CARTESIAN_POINT('',(8.5,-63.,0.));
#3242 = DIRECTION('',(-0.999993985494,3.468281322647E-03,0.));
#3243 = DIRECTION('',(3.468281322647E-03,0.999993985494,0.));
#3244 = ADVANCED_FACE('',(#3245),#3256,.T.);
#3245 = FACE_BOUND('',#3246,.T.);
#3246 = EDGE_LOOP('',(#3247,#3248,#3249,#3255));
#3247 = ORIENTED_EDGE('',*,*,#3216,.T.);
#3248 = ORIENTED_EDGE('',*,*,#1722,.T.);
#3249 = ORIENTED_EDGE('',*,*,#3250,.F.);
#3250 = EDGE_CURVE('',#324,#1715,#3251,.T.);
#3251 = LINE('',#3252,#3253);
#3252 = CARTESIAN_POINT('',(82.,-66.5,0.));
#3253 = VECTOR('',#3254,1.);
#3254 = DIRECTION('',(0.,0.,1.));
#3255 = ORIENTED_EDGE('',*,*,#331,.F.);
#3256 = CYLINDRICAL_SURFACE('',#3257,3.499999092342);
#3257 = AXIS2_PLACEMENT_3D('',#3258,#3259,#3260);
#3258 = CARTESIAN_POINT('',(82.000000907658,-63.00000090765,0.));
#3259 = DIRECTION('',(0.,0.,-1.));
#3260 = DIRECTION('',(1.,2.593310478154E-07,0.));
#3261 = ADVANCED_FACE('',(#3262),#3273,.T.);
#3262 = FACE_BOUND('',#3263,.T.);
#3263 = EDGE_LOOP('',(#3264,#3270,#3271,#3272));
#3264 = ORIENTED_EDGE('',*,*,#3265,.T.);
#3265 = EDGE_CURVE('',#231,#1622,#3266,.T.);
#3266 = LINE('',#3267,#3268);
#3267 = CARTESIAN_POINT('',(12.,-66.5,0.));
#3268 = VECTOR('',#3269,1.);
#3269 = DIRECTION('',(0.,0.,1.));
#3270 = ORIENTED_EDGE('',*,*,#1621,.T.);
#3271 = ORIENTED_EDGE('',*,*,#3231,.F.);
#3272 = ORIENTED_EDGE('',*,*,#230,.F.);
#3273 = CYLINDRICAL_SURFACE('',#3274,3.499999092342);
#3274 = AXIS2_PLACEMENT_3D('',#3275,#3276,#3277);
#3275 = CARTESIAN_POINT('',(11.999999092342,-63.00000090765,0.));
#3276 = DIRECTION('',(0.,0.,-1.));
#3277 = DIRECTION('',(2.59331048323E-07,-1.,0.));
#3278 = ADVANCED_FACE('',(#3279),#3290,.T.);
#3279 = FACE_BOUND('',#3280,.T.);
#3280 = EDGE_LOOP('',(#3281,#3282,#3283,#3289));
#3281 = ORIENTED_EDGE('',*,*,#3250,.T.);
#3282 = ORIENTED_EDGE('',*,*,#1714,.T.);
#3283 = ORIENTED_EDGE('',*,*,#3284,.F.);
#3284 = EDGE_CURVE('',#315,#1706,#3285,.T.);
#3285 = LINE('',#3286,#3287);
#3286 = CARTESIAN_POINT('',(77.974874,-66.525126,0.));
#3287 = VECTOR('',#3288,1.);
#3288 = DIRECTION('',(0.,0.,1.));
#3289 = ORIENTED_EDGE('',*,*,#323,.F.);
#3290 = PLANE('',#3291);
#3291 = AXIS2_PLACEMENT_3D('',#3292,#3293,#3294);
#3292 = CARTESIAN_POINT('',(82.,-66.5,0.));
#3293 = DIRECTION('',(6.242167445759E-03,-0.999980517483,0.));
#3294 = DIRECTION('',(-0.999980517483,-6.242167445759E-03,0.));
#3295 = ADVANCED_FACE('',(#3296),#3307,.T.);
#3296 = FACE_BOUND('',#3297,.T.);
#3297 = EDGE_LOOP('',(#3298,#3304,#3305,#3306));
#3298 = ORIENTED_EDGE('',*,*,#3299,.T.);
#3299 = EDGE_CURVE('',#240,#1631,#3300,.T.);
#3300 = LINE('',#3301,#3302);
#3301 = CARTESIAN_POINT('',(16.5,-66.5,0.));
#3302 = VECTOR('',#3303,1.);
#3303 = DIRECTION('',(0.,0.,1.));
#3304 = ORIENTED_EDGE('',*,*,#1630,.T.);
#3305 = ORIENTED_EDGE('',*,*,#3265,.F.);
#3306 = ORIENTED_EDGE('',*,*,#239,.F.);
#3307 = PLANE('',#3308);
#3308 = AXIS2_PLACEMENT_3D('',#3309,#3310,#3311);
#3309 = CARTESIAN_POINT('',(16.5,-66.5,0.));
#3310 = DIRECTION('',(0.,-1.,0.));
#3311 = DIRECTION('',(-1.,0.,0.));
#3312 = ADVANCED_FACE('',(#3313),#3324,.T.);
#3313 = FACE_BOUND('',#3314,.T.);
#3314 = EDGE_LOOP('',(#3315,#3316,#3317,#3323));
#3315 = ORIENTED_EDGE('',*,*,#3284,.T.);
#3316 = ORIENTED_EDGE('',*,*,#1705,.T.);
#3317 = ORIENTED_EDGE('',*,*,#3318,.F.);
#3318 = EDGE_CURVE('',#307,#1698,#3319,.T.);
#3319 = LINE('',#3320,#3321);
#3320 = CARTESIAN_POINT('',(74.531922,-63.654477,0.));
#3321 = VECTOR('',#3322,1.);
#3322 = DIRECTION('',(0.,0.,1.));
#3323 = ORIENTED_EDGE('',*,*,#314,.F.);
#3324 = CYLINDRICAL_SURFACE('',#3325,3.499999480458);
#3325 = AXIS2_PLACEMENT_3D('',#3326,#3327,#3328);
#3326 = CARTESIAN_POINT('',(77.974873399012,-63.02512651954,0.));
#3327 = DIRECTION('',(0.,0.,-1.));
#3328 = DIRECTION('',(1.717110173269E-07,-1.,0.));
#3329 = ADVANCED_FACE('',(#3330),#3341,.T.);
#3330 = FACE_BOUND('',#3331,.T.);
#3331 = EDGE_LOOP('',(#3332,#3338,#3339,#3340));
#3332 = ORIENTED_EDGE('',*,*,#3333,.T.);
#3333 = EDGE_CURVE('',#248,#1639,#3334,.T.);
#3334 = LINE('',#3335,#3336);
#3335 = CARTESIAN_POINT('',(17.,-66.500218,0.));
#3336 = VECTOR('',#3337,1.);
#3337 = DIRECTION('',(0.,0.,1.));
#3338 = ORIENTED_EDGE('',*,*,#1638,.T.);
#3339 = ORIENTED_EDGE('',*,*,#3299,.F.);
#3340 = ORIENTED_EDGE('',*,*,#247,.F.);
#3341 = PLANE('',#3342);
#3342 = AXIS2_PLACEMENT_3D('',#3343,#3344,#3345);
#3343 = CARTESIAN_POINT('',(17.,-66.500218,0.));
#3344 = DIRECTION('',(-4.359999585667E-04,-0.999999904952,0.));
#3345 = DIRECTION('',(-0.999999904952,4.359999585667E-04,0.));
#3346 = ADVANCED_FACE('',(#3347),#3358,.T.);
#3347 = FACE_BOUND('',#3348,.T.);
#3348 = EDGE_LOOP('',(#3349,#3350,#3351,#3357));
#3349 = ORIENTED_EDGE('',*,*,#3318,.T.);
#3350 = ORIENTED_EDGE('',*,*,#1697,.T.);
#3351 = ORIENTED_EDGE('',*,*,#3352,.F.);
#3352 = EDGE_CURVE('',#298,#1689,#3353,.T.);
#3353 = LINE('',#3354,#3355);
#3354 = CARTESIAN_POINT('',(74.536493,-57.653853,0.));
#3355 = VECTOR('',#3356,1.);
#3356 = DIRECTION('',(0.,0.,1.));
#3357 = ORIENTED_EDGE('',*,*,#306,.F.);
#3358 = PLANE('',#3359);
#3359 = AXIS2_PLACEMENT_3D('',#3360,#3361,#3362);
#3360 = CARTESIAN_POINT('',(74.531922,-63.654477,0.));
#3361 = DIRECTION('',(-0.999999709865,7.617538898944E-04,0.));
#3362 = DIRECTION('',(7.617538898944E-04,0.999999709865,0.));
#3363 = ADVANCED_FACE('',(#3364),#3375,.T.);
#3364 = FACE_BOUND('',#3365,.T.);
#3365 = EDGE_LOOP('',(#3366,#3372,#3373,#3374));
#3366 = ORIENTED_EDGE('',*,*,#3367,.T.);
#3367 = EDGE_CURVE('',#256,#1647,#3368,.T.);
#3368 = LINE('',#3369,#3370);
#3369 = CARTESIAN_POINT('',(20.496903,-63.176879,0.));
#3370 = VECTOR('',#3371,1.);
#3371 = DIRECTION('',(0.,0.,1.));
#3372 = ORIENTED_EDGE('',*,*,#1646,.T.);
#3373 = ORIENTED_EDGE('',*,*,#3333,.F.);
#3374 = ORIENTED_EDGE('',*,*,#255,.F.);
#3375 = CYLINDRICAL_SURFACE('',#3376,3.475046816559);
#3376 = AXIS2_PLACEMENT_3D('',#3377,#3378,#3379);
#3377 = CARTESIAN_POINT('',(17.025165285983,-63.0252623045,0.));
#3378 = DIRECTION('',(0.,0.,-1.));
#3379 = DIRECTION('',(0.999047753105,-4.363011593783E-02,0.));
#3380 = ADVANCED_FACE('',(#3381),#3392,.F.);
#3381 = FACE_BOUND('',#3382,.T.);
#3382 = EDGE_LOOP('',(#3383,#3384,#3385,#3391));
#3383 = ORIENTED_EDGE('',*,*,#3352,.T.);
#3384 = ORIENTED_EDGE('',*,*,#1688,.T.);
#3385 = ORIENTED_EDGE('',*,*,#3386,.F.);
#3386 = EDGE_CURVE('',#290,#1681,#3387,.T.);
#3387 = LINE('',#3388,#3389);
#3388 = CARTESIAN_POINT('',(72.000044,-55.488498,0.));
#3389 = VECTOR('',#3390,1.);
#3390 = DIRECTION('',(0.,0.,1.));
#3391 = ORIENTED_EDGE('',*,*,#297,.F.);
#3392 = CYLINDRICAL_SURFACE('',#3393,2.504613590587);
#3393 = AXIS2_PLACEMENT_3D('',#3394,#3395,#3396);
#3394 = CARTESIAN_POINT('',(72.0548806508,-57.99251121479,0.));
#3395 = DIRECTION('',(-0.,-0.,-1.));
#3396 = DIRECTION('',(0.990816451099,0.135213757552,-0.));
#3397 = ADVANCED_FACE('',(#3398),#3409,.T.);
#3398 = FACE_BOUND('',#3399,.T.);
#3399 = EDGE_LOOP('',(#3400,#3406,#3407,#3408));
#3400 = ORIENTED_EDGE('',*,*,#3401,.T.);
#3401 = EDGE_CURVE('',#265,#1656,#3402,.T.);
#3402 = LINE('',#3403,#3404);
#3403 = CARTESIAN_POINT('',(20.500218,-63.02555,0.));
#3404 = VECTOR('',#3405,1.);
#3405 = DIRECTION('',(0.,0.,1.));
#3406 = ORIENTED_EDGE('',*,*,#1655,.T.);
#3407 = ORIENTED_EDGE('',*,*,#3367,.F.);
#3408 = ORIENTED_EDGE('',*,*,#264,.F.);
#3409 = PLANE('',#3410);
#3410 = AXIS2_PLACEMENT_3D('',#3411,#3412,#3413);
#3411 = CARTESIAN_POINT('',(20.500218,-63.02555,0.));
#3412 = DIRECTION('',(0.999760151793,-2.190065951136E-02,0.));
#3413 = DIRECTION('',(-2.190065951136E-02,-0.999760151793,0.));
#3414 = ADVANCED_FACE('',(#3415),#3426,.T.);
#3415 = FACE_BOUND('',#3416,.T.);
#3416 = EDGE_LOOP('',(#3417,#3418,#3419,#3425));
#3417 = ORIENTED_EDGE('',*,*,#3386,.T.);
#3418 = ORIENTED_EDGE('',*,*,#1680,.T.);
#3419 = ORIENTED_EDGE('',*,*,#3420,.F.);
#3420 = EDGE_CURVE('',#281,#1672,#3421,.T.);
#3421 = LINE('',#3422,#3423);
#3422 = CARTESIAN_POINT('',(22.,-55.5,0.));
#3423 = VECTOR('',#3424,1.);
#3424 = DIRECTION('',(0.,0.,1.));
#3425 = ORIENTED_EDGE('',*,*,#289,.F.);
#3426 = PLANE('',#3427);
#3427 = AXIS2_PLACEMENT_3D('',#3428,#3429,#3430);
#3428 = CARTESIAN_POINT('',(72.000044,-55.488498,0.));
#3429 = DIRECTION('',(2.300397914783E-04,-0.999999973541,0.));
#3430 = DIRECTION('',(-0.999999973541,-2.300397914783E-04,0.));
#3431 = ADVANCED_FACE('',(#3432),#3443,.T.);
#3432 = FACE_BOUND('',#3433,.T.);
#3433 = EDGE_LOOP('',(#3434,#3440,#3441,#3442));
#3434 = ORIENTED_EDGE('',*,*,#3435,.T.);
#3435 = EDGE_CURVE('',#273,#1664,#3436,.T.);
#3436 = LINE('',#3437,#3438);
#3437 = CARTESIAN_POINT('',(20.500218,-57.02555,0.));
#3438 = VECTOR('',#3439,1.);
#3439 = DIRECTION('',(0.,0.,1.));
#3440 = ORIENTED_EDGE('',*,*,#1663,.T.);
#3441 = ORIENTED_EDGE('',*,*,#3401,.F.);
#3442 = ORIENTED_EDGE('',*,*,#272,.F.);
#3443 = PLANE('',#3444);
#3444 = AXIS2_PLACEMENT_3D('',#3445,#3446,#3447);
#3445 = CARTESIAN_POINT('',(20.500218,-57.02555,0.));
#3446 = DIRECTION('',(1.,0.,-0.));
#3447 = DIRECTION('',(0.,-1.,0.));
#3448 = ADVANCED_FACE('',(#3449),#3455,.F.);
#3449 = FACE_BOUND('',#3450,.T.);
#3450 = EDGE_LOOP('',(#3451,#3452,#3453,#3454));
#3451 = ORIENTED_EDGE('',*,*,#3420,.T.);
#3452 = ORIENTED_EDGE('',*,*,#1671,.T.);
#3453 = ORIENTED_EDGE('',*,*,#3435,.F.);
#3454 = ORIENTED_EDGE('',*,*,#280,.F.);
#3455 = CYLINDRICAL_SURFACE('',#3456,1.500000030534);
#3456 = AXIS2_PLACEMENT_3D('',#3457,#3458,#3459);
#3457 = CARTESIAN_POINT('',(22.000000414439,-57.00000003053,0.));
#3458 = DIRECTION('',(-0.,-0.,-1.));
#3459 = DIRECTION('',(-2.762929479289E-07,1.,0.));
#3460 = ADVANCED_FACE('',(#3461),#3472,.F.);
#3461 = FACE_BOUND('',#3462,.T.);
#3462 = EDGE_LOOP('',(#3463,#3464,#3470,#3471));
#3463 = ORIENTED_EDGE('',*,*,#417,.T.);
#3464 = ORIENTED_EDGE('',*,*,#3465,.T.);
#3465 = EDGE_CURVE('',#418,#1809,#3466,.T.);
#3466 = LINE('',#3467,#3468);
#3467 = CARTESIAN_POINT('',(13.,-63.5,-4.6E-02));
#3468 = VECTOR('',#3469,1.);
#3469 = DIRECTION('',(0.,0.,1.));
#3470 = ORIENTED_EDGE('',*,*,#1808,.F.);
#3471 = ORIENTED_EDGE('',*,*,#3465,.F.);
#3472 = CYLINDRICAL_SURFACE('',#3473,2.);
#3473 = AXIS2_PLACEMENT_3D('',#3474,#3475,#3476);
#3474 = CARTESIAN_POINT('',(13.,-61.5,-4.6E-02));
#3475 = DIRECTION('',(-0.,-0.,-1.));
#3476 = DIRECTION('',(-0.,-1.,0.));
#3477 = ADVANCED_FACE('',(#3478),#3489,.F.);
#3478 = FACE_BOUND('',#3479,.T.);
#3479 = EDGE_LOOP('',(#3480,#3481,#3487,#3488));
#3480 = ORIENTED_EDGE('',*,*,#428,.T.);
#3481 = ORIENTED_EDGE('',*,*,#3482,.T.);
#3482 = EDGE_CURVE('',#429,#1820,#3483,.T.);
#3483 = LINE('',#3484,#3485);
#3484 = CARTESIAN_POINT('',(32.3,-54.,-4.6E-02));
#3485 = VECTOR('',#3486,1.);
#3486 = DIRECTION('',(0.,0.,1.));
#3487 = ORIENTED_EDGE('',*,*,#1819,.F.);
#3488 = ORIENTED_EDGE('',*,*,#3482,.F.);
#3489 = CYLINDRICAL_SURFACE('',#3490,0.5);
#3490 = AXIS2_PLACEMENT_3D('',#3491,#3492,#3493);
#3491 = CARTESIAN_POINT('',(32.3,-53.5,-4.6E-02));
#3492 = DIRECTION('',(-0.,-0.,-1.));
#3493 = DIRECTION('',(-0.,-1.,0.));
#3494 = ADVANCED_FACE('',(#3495),#3506,.F.);
#3495 = FACE_BOUND('',#3496,.T.);
#3496 = EDGE_LOOP('',(#3497,#3498,#3504,#3505));
#3497 = ORIENTED_EDGE('',*,*,#439,.T.);
#3498 = ORIENTED_EDGE('',*,*,#3499,.T.);
#3499 = EDGE_CURVE('',#440,#1831,#3500,.T.);
#3500 = LINE('',#3501,#3502);
#3501 = CARTESIAN_POINT('',(34.84,-54.,-4.6E-02));
#3502 = VECTOR('',#3503,1.);
#3503 = DIRECTION('',(0.,0.,1.));
#3504 = ORIENTED_EDGE('',*,*,#1830,.F.);
#3505 = ORIENTED_EDGE('',*,*,#3499,.F.);
#3506 = CYLINDRICAL_SURFACE('',#3507,0.5);
#3507 = AXIS2_PLACEMENT_3D('',#3508,#3509,#3510);
#3508 = CARTESIAN_POINT('',(34.84,-53.5,-4.6E-02));
#3509 = DIRECTION('',(-0.,-0.,-1.));
#3510 = DIRECTION('',(-0.,-1.,0.));
#3511 = ADVANCED_FACE('',(#3512),#3523,.F.);
#3512 = FACE_BOUND('',#3513,.T.);
#3513 = EDGE_LOOP('',(#3514,#3515,#3521,#3522));
#3514 = ORIENTED_EDGE('',*,*,#450,.T.);
#3515 = ORIENTED_EDGE('',*,*,#3516,.T.);
#3516 = EDGE_CURVE('',#451,#1842,#3517,.T.);
#3517 = LINE('',#3518,#3519);
#3518 = CARTESIAN_POINT('',(32.3,-51.46,-4.6E-02));
#3519 = VECTOR('',#3520,1.);
#3520 = DIRECTION('',(0.,0.,1.));
#3521 = ORIENTED_EDGE('',*,*,#1841,.F.);
#3522 = ORIENTED_EDGE('',*,*,#3516,.F.);
#3523 = CYLINDRICAL_SURFACE('',#3524,0.5);
#3524 = AXIS2_PLACEMENT_3D('',#3525,#3526,#3527);
#3525 = CARTESIAN_POINT('',(32.3,-50.96,-4.6E-02));
#3526 = DIRECTION('',(-0.,-0.,-1.));
#3527 = DIRECTION('',(-0.,-1.,0.));
#3528 = ADVANCED_FACE('',(#3529),#3540,.F.);
#3529 = FACE_BOUND('',#3530,.T.);
#3530 = EDGE_LOOP('',(#3531,#3532,#3538,#3539));
#3531 = ORIENTED_EDGE('',*,*,#461,.T.);
#3532 = ORIENTED_EDGE('',*,*,#3533,.T.);
#3533 = EDGE_CURVE('',#462,#1853,#3534,.T.);
#3534 = LINE('',#3535,#3536);
#3535 = CARTESIAN_POINT('',(34.84,-51.46,-4.6E-02));
#3536 = VECTOR('',#3537,1.);
#3537 = DIRECTION('',(0.,0.,1.));
#3538 = ORIENTED_EDGE('',*,*,#1852,.F.);
#3539 = ORIENTED_EDGE('',*,*,#3533,.F.);
#3540 = CYLINDRICAL_SURFACE('',#3541,0.5);
#3541 = AXIS2_PLACEMENT_3D('',#3542,#3543,#3544);
#3542 = CARTESIAN_POINT('',(34.84,-50.96,-4.6E-02));
#3543 = DIRECTION('',(-0.,-0.,-1.));
#3544 = DIRECTION('',(-0.,-1.,0.));
#3545 = ADVANCED_FACE('',(#3546),#3557,.F.);
#3546 = FACE_BOUND('',#3547,.T.);
#3547 = EDGE_LOOP('',(#3548,#3549,#3555,#3556));
#3548 = ORIENTED_EDGE('',*,*,#472,.T.);
#3549 = ORIENTED_EDGE('',*,*,#3550,.T.);
#3550 = EDGE_CURVE('',#473,#1864,#3551,.T.);
#3551 = LINE('',#3552,#3553);
#3552 = CARTESIAN_POINT('',(37.38,-54.,-4.6E-02));
#3553 = VECTOR('',#3554,1.);
#3554 = DIRECTION('',(0.,0.,1.));
#3555 = ORIENTED_EDGE('',*,*,#1863,.F.);
#3556 = ORIENTED_EDGE('',*,*,#3550,.F.);
#3557 = CYLINDRICAL_SURFACE('',#3558,0.5);
#3558 = AXIS2_PLACEMENT_3D('',#3559,#3560,#3561);
#3559 = CARTESIAN_POINT('',(37.38,-53.5,-4.6E-02));
#3560 = DIRECTION('',(-0.,-0.,-1.));
#3561 = DIRECTION('',(-0.,-1.,0.));
#3562 = ADVANCED_FACE('',(#3563),#3574,.F.);
#3563 = FACE_BOUND('',#3564,.T.);
#3564 = EDGE_LOOP('',(#3565,#3566,#3572,#3573));
#3565 = ORIENTED_EDGE('',*,*,#483,.T.);
#3566 = ORIENTED_EDGE('',*,*,#3567,.T.);
#3567 = EDGE_CURVE('',#484,#1875,#3568,.T.);
#3568 = LINE('',#3569,#3570);
#3569 = CARTESIAN_POINT('',(39.92,-54.,-4.6E-02));
#3570 = VECTOR('',#3571,1.);
#3571 = DIRECTION('',(0.,0.,1.));
#3572 = ORIENTED_EDGE('',*,*,#1874,.F.);
#3573 = ORIENTED_EDGE('',*,*,#3567,.F.);
#3574 = CYLINDRICAL_SURFACE('',#3575,0.5);
#3575 = AXIS2_PLACEMENT_3D('',#3576,#3577,#3578);
#3576 = CARTESIAN_POINT('',(39.92,-53.5,-4.6E-02));
#3577 = DIRECTION('',(-0.,-0.,-1.));
#3578 = DIRECTION('',(-0.,-1.,0.));
#3579 = ADVANCED_FACE('',(#3580),#3591,.F.);
#3580 = FACE_BOUND('',#3581,.T.);
#3581 = EDGE_LOOP('',(#3582,#3583,#3589,#3590));
#3582 = ORIENTED_EDGE('',*,*,#494,.T.);
#3583 = ORIENTED_EDGE('',*,*,#3584,.T.);
#3584 = EDGE_CURVE('',#495,#1886,#3585,.T.);
#3585 = LINE('',#3586,#3587);
#3586 = CARTESIAN_POINT('',(42.46,-54.,-4.6E-02));
#3587 = VECTOR('',#3588,1.);
#3588 = DIRECTION('',(0.,0.,1.));
#3589 = ORIENTED_EDGE('',*,*,#1885,.F.);
#3590 = ORIENTED_EDGE('',*,*,#3584,.F.);
#3591 = CYLINDRICAL_SURFACE('',#3592,0.5);
#3592 = AXIS2_PLACEMENT_3D('',#3593,#3594,#3595);
#3593 = CARTESIAN_POINT('',(42.46,-53.5,-4.6E-02));
#3594 = DIRECTION('',(-0.,-0.,-1.));
#3595 = DIRECTION('',(-0.,-1.,0.));
#3596 = ADVANCED_FACE('',(#3597),#3608,.F.);
#3597 = FACE_BOUND('',#3598,.T.);
#3598 = EDGE_LOOP('',(#3599,#3600,#3606,#3607));
#3599 = ORIENTED_EDGE('',*,*,#505,.T.);
#3600 = ORIENTED_EDGE('',*,*,#3601,.T.);
#3601 = EDGE_CURVE('',#506,#1897,#3602,.T.);
#3602 = LINE('',#3603,#3604);
#3603 = CARTESIAN_POINT('',(45.,-54.,-4.6E-02));
#3604 = VECTOR('',#3605,1.);
#3605 = DIRECTION('',(0.,0.,1.));
#3606 = ORIENTED_EDGE('',*,*,#1896,.F.);
#3607 = ORIENTED_EDGE('',*,*,#3601,.F.);
#3608 = CYLINDRICAL_SURFACE('',#3609,0.5);
#3609 = AXIS2_PLACEMENT_3D('',#3610,#3611,#3612);
#3610 = CARTESIAN_POINT('',(45.,-53.5,-4.6E-02));
#3611 = DIRECTION('',(-0.,-0.,-1.));
#3612 = DIRECTION('',(-0.,-1.,0.));
#3613 = ADVANCED_FACE('',(#3614),#3625,.F.);
#3614 = FACE_BOUND('',#3615,.T.);
#3615 = EDGE_LOOP('',(#3616,#3617,#3623,#3624));
#3616 = ORIENTED_EDGE('',*,*,#516,.T.);
#3617 = ORIENTED_EDGE('',*,*,#3618,.T.);
#3618 = EDGE_CURVE('',#517,#1908,#3619,.T.);
#3619 = LINE('',#3620,#3621);
#3620 = CARTESIAN_POINT('',(47.54,-54.,-4.6E-02));
#3621 = VECTOR('',#3622,1.);
#3622 = DIRECTION('',(0.,0.,1.));
#3623 = ORIENTED_EDGE('',*,*,#1907,.F.);
#3624 = ORIENTED_EDGE('',*,*,#3618,.F.);
#3625 = CYLINDRICAL_SURFACE('',#3626,0.5);
#3626 = AXIS2_PLACEMENT_3D('',#3627,#3628,#3629);
#3627 = CARTESIAN_POINT('',(47.54,-53.5,-4.6E-02));
#3628 = DIRECTION('',(-0.,-0.,-1.));
#3629 = DIRECTION('',(-0.,-1.,0.));
#3630 = ADVANCED_FACE('',(#3631),#3642,.F.);
#3631 = FACE_BOUND('',#3632,.T.);
#3632 = EDGE_LOOP('',(#3633,#3634,#3640,#3641));
#3633 = ORIENTED_EDGE('',*,*,#527,.T.);
#3634 = ORIENTED_EDGE('',*,*,#3635,.T.);
#3635 = EDGE_CURVE('',#528,#1919,#3636,.T.);
#3636 = LINE('',#3637,#3638);
#3637 = CARTESIAN_POINT('',(37.38,-51.46,-4.6E-02));
#3638 = VECTOR('',#3639,1.);
#3639 = DIRECTION('',(0.,0.,1.));
#3640 = ORIENTED_EDGE('',*,*,#1918,.F.);
#3641 = ORIENTED_EDGE('',*,*,#3635,.F.);
#3642 = CYLINDRICAL_SURFACE('',#3643,0.5);
#3643 = AXIS2_PLACEMENT_3D('',#3644,#3645,#3646);
#3644 = CARTESIAN_POINT('',(37.38,-50.96,-4.6E-02));
#3645 = DIRECTION('',(-0.,-0.,-1.));
#3646 = DIRECTION('',(-0.,-1.,0.));
#3647 = ADVANCED_FACE('',(#3648),#3659,.F.);
#3648 = FACE_BOUND('',#3649,.T.);
#3649 = EDGE_LOOP('',(#3650,#3651,#3657,#3658));
#3650 = ORIENTED_EDGE('',*,*,#538,.T.);
#3651 = ORIENTED_EDGE('',*,*,#3652,.T.);
#3652 = EDGE_CURVE('',#539,#1930,#3653,.T.);
#3653 = LINE('',#3654,#3655);
#3654 = CARTESIAN_POINT('',(39.92,-51.46,-4.6E-02));
#3655 = VECTOR('',#3656,1.);
#3656 = DIRECTION('',(0.,0.,1.));
#3657 = ORIENTED_EDGE('',*,*,#1929,.F.);
#3658 = ORIENTED_EDGE('',*,*,#3652,.F.);
#3659 = CYLINDRICAL_SURFACE('',#3660,0.5);
#3660 = AXIS2_PLACEMENT_3D('',#3661,#3662,#3663);
#3661 = CARTESIAN_POINT('',(39.92,-50.96,-4.6E-02));
#3662 = DIRECTION('',(-0.,-0.,-1.));
#3663 = DIRECTION('',(-0.,-1.,0.));
#3664 = ADVANCED_FACE('',(#3665),#3676,.F.);
#3665 = FACE_BOUND('',#3666,.T.);
#3666 = EDGE_LOOP('',(#3667,#3668,#3674,#3675));
#3667 = ORIENTED_EDGE('',*,*,#549,.T.);
#3668 = ORIENTED_EDGE('',*,*,#3669,.T.);
#3669 = EDGE_CURVE('',#550,#1941,#3670,.T.);
#3670 = LINE('',#3671,#3672);
#3671 = CARTESIAN_POINT('',(42.46,-51.46,-4.6E-02));
#3672 = VECTOR('',#3673,1.);
#3673 = DIRECTION('',(0.,0.,1.));
#3674 = ORIENTED_EDGE('',*,*,#1940,.F.);
#3675 = ORIENTED_EDGE('',*,*,#3669,.F.);
#3676 = CYLINDRICAL_SURFACE('',#3677,0.5);
#3677 = AXIS2_PLACEMENT_3D('',#3678,#3679,#3680);
#3678 = CARTESIAN_POINT('',(42.46,-50.96,-4.6E-02));
#3679 = DIRECTION('',(-0.,-0.,-1.));
#3680 = DIRECTION('',(-0.,-1.,0.));
#3681 = ADVANCED_FACE('',(#3682),#3693,.F.);
#3682 = FACE_BOUND('',#3683,.T.);
#3683 = EDGE_LOOP('',(#3684,#3685,#3691,#3692));
#3684 = ORIENTED_EDGE('',*,*,#560,.T.);
#3685 = ORIENTED_EDGE('',*,*,#3686,.T.);
#3686 = EDGE_CURVE('',#561,#1952,#3687,.T.);
#3687 = LINE('',#3688,#3689);
#3688 = CARTESIAN_POINT('',(45.,-51.46,-4.6E-02));
#3689 = VECTOR('',#3690,1.);
#3690 = DIRECTION('',(0.,0.,1.));
#3691 = ORIENTED_EDGE('',*,*,#1951,.F.);
#3692 = ORIENTED_EDGE('',*,*,#3686,.F.);
#3693 = CYLINDRICAL_SURFACE('',#3694,0.5);
#3694 = AXIS2_PLACEMENT_3D('',#3695,#3696,#3697);
#3695 = CARTESIAN_POINT('',(45.,-50.96,-4.6E-02));
#3696 = DIRECTION('',(-0.,-0.,-1.));
#3697 = DIRECTION('',(-0.,-1.,0.));
#3698 = ADVANCED_FACE('',(#3699),#3710,.F.);
#3699 = FACE_BOUND('',#3700,.T.);
#3700 = EDGE_LOOP('',(#3701,#3702,#3708,#3709));
#3701 = ORIENTED_EDGE('',*,*,#571,.T.);
#3702 = ORIENTED_EDGE('',*,*,#3703,.T.);
#3703 = EDGE_CURVE('',#572,#1963,#3704,.T.);
#3704 = LINE('',#3705,#3706);
#3705 = CARTESIAN_POINT('',(47.54,-51.46,-4.6E-02));
#3706 = VECTOR('',#3707,1.);
#3707 = DIRECTION('',(0.,0.,1.));
#3708 = ORIENTED_EDGE('',*,*,#1962,.F.);
#3709 = ORIENTED_EDGE('',*,*,#3703,.F.);
#3710 = CYLINDRICAL_SURFACE('',#3711,0.5);
#3711 = AXIS2_PLACEMENT_3D('',#3712,#3713,#3714);
#3712 = CARTESIAN_POINT('',(47.54,-50.96,-4.6E-02));
#3713 = DIRECTION('',(-0.,-0.,-1.));
#3714 = DIRECTION('',(-0.,-1.,0.));
#3715 = ADVANCED_FACE('',(#3716),#3727,.F.);
#3716 = FACE_BOUND('',#3717,.T.);
#3717 = EDGE_LOOP('',(#3718,#3719,#3725,#3726));
#3718 = ORIENTED_EDGE('',*,*,#582,.T.);
#3719 = ORIENTED_EDGE('',*,*,#3720,.T.);
#3720 = EDGE_CURVE('',#583,#1974,#3721,.T.);
#3721 = LINE('',#3722,#3723);
#3722 = CARTESIAN_POINT('',(46.35,-38.59,-3.6E-02));
#3723 = VECTOR('',#3724,1.);
#3724 = DIRECTION('',(0.,0.,1.));
#3725 = ORIENTED_EDGE('',*,*,#1973,.F.);
#3726 = ORIENTED_EDGE('',*,*,#3720,.F.);
#3727 = CYLINDRICAL_SURFACE('',#3728,0.15);
#3728 = AXIS2_PLACEMENT_3D('',#3729,#3730,#3731);
#3729 = CARTESIAN_POINT('',(46.35,-38.44,-3.6E-02));
#3730 = DIRECTION('',(-0.,-0.,-1.));
#3731 = DIRECTION('',(-0.,-1.,0.));
#3732 = ADVANCED_FACE('',(#3733),#3744,.F.);
#3733 = FACE_BOUND('',#3734,.T.);
#3734 = EDGE_LOOP('',(#3735,#3736,#3742,#3743));
#3735 = ORIENTED_EDGE('',*,*,#593,.T.);
#3736 = ORIENTED_EDGE('',*,*,#3737,.T.);
#3737 = EDGE_CURVE('',#594,#1985,#3738,.T.);
#3738 = LINE('',#3739,#3740);
#3739 = CARTESIAN_POINT('',(50.08,-54.,-4.6E-02));
#3740 = VECTOR('',#3741,1.);
#3741 = DIRECTION('',(0.,0.,1.));
#3742 = ORIENTED_EDGE('',*,*,#1984,.F.);
#3743 = ORIENTED_EDGE('',*,*,#3737,.F.);
#3744 = CYLINDRICAL_SURFACE('',#3745,0.5);
#3745 = AXIS2_PLACEMENT_3D('',#3746,#3747,#3748);
#3746 = CARTESIAN_POINT('',(50.08,-53.5,-4.6E-02));
#3747 = DIRECTION('',(-0.,-0.,-1.));
#3748 = DIRECTION('',(-0.,-1.,0.));
#3749 = ADVANCED_FACE('',(#3750),#3761,.F.);
#3750 = FACE_BOUND('',#3751,.T.);
#3751 = EDGE_LOOP('',(#3752,#3753,#3759,#3760));
#3752 = ORIENTED_EDGE('',*,*,#604,.T.);
#3753 = ORIENTED_EDGE('',*,*,#3754,.T.);
#3754 = EDGE_CURVE('',#605,#1996,#3755,.T.);
#3755 = LINE('',#3756,#3757);
#3756 = CARTESIAN_POINT('',(52.62,-54.,-4.6E-02));
#3757 = VECTOR('',#3758,1.);
#3758 = DIRECTION('',(0.,0.,1.));
#3759 = ORIENTED_EDGE('',*,*,#1995,.F.);
#3760 = ORIENTED_EDGE('',*,*,#3754,.F.);
#3761 = CYLINDRICAL_SURFACE('',#3762,0.5);
#3762 = AXIS2_PLACEMENT_3D('',#3763,#3764,#3765);
#3763 = CARTESIAN_POINT('',(52.62,-53.5,-4.6E-02));
#3764 = DIRECTION('',(-0.,-0.,-1.));
#3765 = DIRECTION('',(-0.,-1.,0.));
#3766 = ADVANCED_FACE('',(#3767),#3778,.F.);
#3767 = FACE_BOUND('',#3768,.T.);
#3768 = EDGE_LOOP('',(#3769,#3770,#3776,#3777));
#3769 = ORIENTED_EDGE('',*,*,#615,.T.);
#3770 = ORIENTED_EDGE('',*,*,#3771,.T.);
#3771 = EDGE_CURVE('',#616,#2007,#3772,.T.);
#3772 = LINE('',#3773,#3774);
#3773 = CARTESIAN_POINT('',(55.16,-54.,-4.6E-02));
#3774 = VECTOR('',#3775,1.);
#3775 = DIRECTION('',(0.,0.,1.));
#3776 = ORIENTED_EDGE('',*,*,#2006,.F.);
#3777 = ORIENTED_EDGE('',*,*,#3771,.F.);
#3778 = CYLINDRICAL_SURFACE('',#3779,0.5);
#3779 = AXIS2_PLACEMENT_3D('',#3780,#3781,#3782);
#3780 = CARTESIAN_POINT('',(55.16,-53.5,-4.6E-02));
#3781 = DIRECTION('',(-0.,-0.,-1.));
#3782 = DIRECTION('',(-0.,-1.,0.));
#3783 = ADVANCED_FACE('',(#3784),#3795,.F.);
#3784 = FACE_BOUND('',#3785,.T.);
#3785 = EDGE_LOOP('',(#3786,#3787,#3793,#3794));
#3786 = ORIENTED_EDGE('',*,*,#626,.T.);
#3787 = ORIENTED_EDGE('',*,*,#3788,.T.);
#3788 = EDGE_CURVE('',#627,#2018,#3789,.T.);
#3789 = LINE('',#3790,#3791);
#3790 = CARTESIAN_POINT('',(57.7,-54.,-4.6E-02));
#3791 = VECTOR('',#3792,1.);
#3792 = DIRECTION('',(0.,0.,1.));
#3793 = ORIENTED_EDGE('',*,*,#2017,.F.);
#3794 = ORIENTED_EDGE('',*,*,#3788,.F.);
#3795 = CYLINDRICAL_SURFACE('',#3796,0.5);
#3796 = AXIS2_PLACEMENT_3D('',#3797,#3798,#3799);
#3797 = CARTESIAN_POINT('',(57.7,-53.5,-4.6E-02));
#3798 = DIRECTION('',(-0.,-0.,-1.));
#3799 = DIRECTION('',(-0.,-1.,0.));
#3800 = ADVANCED_FACE('',(#3801),#3812,.F.);
#3801 = FACE_BOUND('',#3802,.T.);
#3802 = EDGE_LOOP('',(#3803,#3804,#3810,#3811));
#3803 = ORIENTED_EDGE('',*,*,#637,.T.);
#3804 = ORIENTED_EDGE('',*,*,#3805,.T.);
#3805 = EDGE_CURVE('',#638,#2029,#3806,.T.);
#3806 = LINE('',#3807,#3808);
#3807 = CARTESIAN_POINT('',(60.24,-54.,-4.6E-02));
#3808 = VECTOR('',#3809,1.);
#3809 = DIRECTION('',(0.,0.,1.));
#3810 = ORIENTED_EDGE('',*,*,#2028,.F.);
#3811 = ORIENTED_EDGE('',*,*,#3805,.F.);
#3812 = CYLINDRICAL_SURFACE('',#3813,0.5);
#3813 = AXIS2_PLACEMENT_3D('',#3814,#3815,#3816);
#3814 = CARTESIAN_POINT('',(60.24,-53.5,-4.6E-02));
#3815 = DIRECTION('',(-0.,-0.,-1.));
#3816 = DIRECTION('',(-0.,-1.,0.));
#3817 = ADVANCED_FACE('',(#3818),#3829,.F.);
#3818 = FACE_BOUND('',#3819,.T.);
#3819 = EDGE_LOOP('',(#3820,#3821,#3827,#3828));
#3820 = ORIENTED_EDGE('',*,*,#648,.T.);
#3821 = ORIENTED_EDGE('',*,*,#3822,.T.);
#3822 = EDGE_CURVE('',#649,#2040,#3823,.T.);
#3823 = LINE('',#3824,#3825);
#3824 = CARTESIAN_POINT('',(50.08,-51.46,-4.6E-02));
#3825 = VECTOR('',#3826,1.);
#3826 = DIRECTION('',(0.,0.,1.));
#3827 = ORIENTED_EDGE('',*,*,#2039,.F.);
#3828 = ORIENTED_EDGE('',*,*,#3822,.F.);
#3829 = CYLINDRICAL_SURFACE('',#3830,0.5);
#3830 = AXIS2_PLACEMENT_3D('',#3831,#3832,#3833);
#3831 = CARTESIAN_POINT('',(50.08,-50.96,-4.6E-02));
#3832 = DIRECTION('',(-0.,-0.,-1.));
#3833 = DIRECTION('',(-0.,-1.,0.));
#3834 = ADVANCED_FACE('',(#3835),#3846,.F.);
#3835 = FACE_BOUND('',#3836,.T.);
#3836 = EDGE_LOOP('',(#3837,#3838,#3844,#3845));
#3837 = ORIENTED_EDGE('',*,*,#659,.T.);
#3838 = ORIENTED_EDGE('',*,*,#3839,.T.);
#3839 = EDGE_CURVE('',#660,#2051,#3840,.T.);
#3840 = LINE('',#3841,#3842);
#3841 = CARTESIAN_POINT('',(52.62,-51.46,-4.6E-02));
#3842 = VECTOR('',#3843,1.);
#3843 = DIRECTION('',(0.,0.,1.));
#3844 = ORIENTED_EDGE('',*,*,#2050,.F.);
#3845 = ORIENTED_EDGE('',*,*,#3839,.F.);
#3846 = CYLINDRICAL_SURFACE('',#3847,0.5);
#3847 = AXIS2_PLACEMENT_3D('',#3848,#3849,#3850);
#3848 = CARTESIAN_POINT('',(52.62,-50.96,-4.6E-02));
#3849 = DIRECTION('',(-0.,-0.,-1.));
#3850 = DIRECTION('',(-0.,-1.,0.));
#3851 = ADVANCED_FACE('',(#3852),#3863,.F.);
#3852 = FACE_BOUND('',#3853,.T.);
#3853 = EDGE_LOOP('',(#3854,#3855,#3861,#3862));
#3854 = ORIENTED_EDGE('',*,*,#670,.T.);
#3855 = ORIENTED_EDGE('',*,*,#3856,.T.);
#3856 = EDGE_CURVE('',#671,#2062,#3857,.T.);
#3857 = LINE('',#3858,#3859);
#3858 = CARTESIAN_POINT('',(55.16,-51.46,-4.6E-02));
#3859 = VECTOR('',#3860,1.);
#3860 = DIRECTION('',(0.,0.,1.));
#3861 = ORIENTED_EDGE('',*,*,#2061,.F.);
#3862 = ORIENTED_EDGE('',*,*,#3856,.F.);
#3863 = CYLINDRICAL_SURFACE('',#3864,0.5);
#3864 = AXIS2_PLACEMENT_3D('',#3865,#3866,#3867);
#3865 = CARTESIAN_POINT('',(55.16,-50.96,-4.6E-02));
#3866 = DIRECTION('',(-0.,-0.,-1.));
#3867 = DIRECTION('',(-0.,-1.,0.));
#3868 = ADVANCED_FACE('',(#3869),#3880,.F.);
#3869 = FACE_BOUND('',#3870,.T.);
#3870 = EDGE_LOOP('',(#3871,#3872,#3878,#3879));
#3871 = ORIENTED_EDGE('',*,*,#681,.T.);
#3872 = ORIENTED_EDGE('',*,*,#3873,.T.);
#3873 = EDGE_CURVE('',#682,#2073,#3874,.T.);
#3874 = LINE('',#3875,#3876);
#3875 = CARTESIAN_POINT('',(57.7,-51.46,-4.6E-02));
#3876 = VECTOR('',#3877,1.);
#3877 = DIRECTION('',(0.,0.,1.));
#3878 = ORIENTED_EDGE('',*,*,#2072,.F.);
#3879 = ORIENTED_EDGE('',*,*,#3873,.F.);
#3880 = CYLINDRICAL_SURFACE('',#3881,0.5);
#3881 = AXIS2_PLACEMENT_3D('',#3882,#3883,#3884);
#3882 = CARTESIAN_POINT('',(57.7,-50.96,-4.6E-02));
#3883 = DIRECTION('',(-0.,-0.,-1.));
#3884 = DIRECTION('',(-0.,-1.,0.));
#3885 = ADVANCED_FACE('',(#3886),#3897,.F.);
#3886 = FACE_BOUND('',#3887,.T.);
#3887 = EDGE_LOOP('',(#3888,#3889,#3895,#3896));
#3888 = ORIENTED_EDGE('',*,*,#692,.T.);
#3889 = ORIENTED_EDGE('',*,*,#3890,.T.);
#3890 = EDGE_CURVE('',#693,#2084,#3891,.T.);
#3891 = LINE('',#3892,#3893);
#3892 = CARTESIAN_POINT('',(60.24,-51.46,-4.6E-02));
#3893 = VECTOR('',#3894,1.);
#3894 = DIRECTION('',(0.,0.,1.));
#3895 = ORIENTED_EDGE('',*,*,#2083,.F.);
#3896 = ORIENTED_EDGE('',*,*,#3890,.F.);
#3897 = CYLINDRICAL_SURFACE('',#3898,0.5);
#3898 = AXIS2_PLACEMENT_3D('',#3899,#3900,#3901);
#3899 = CARTESIAN_POINT('',(60.24,-50.96,-4.6E-02));
#3900 = DIRECTION('',(-0.,-0.,-1.));
#3901 = DIRECTION('',(-0.,-1.,0.));
#3902 = ADVANCED_FACE('',(#3903),#3914,.F.);
#3903 = FACE_BOUND('',#3904,.T.);
#3904 = EDGE_LOOP('',(#3905,#3906,#3912,#3913));
#3905 = ORIENTED_EDGE('',*,*,#703,.T.);
#3906 = ORIENTED_EDGE('',*,*,#3907,.T.);
#3907 = EDGE_CURVE('',#704,#2095,#3908,.T.);
#3908 = LINE('',#3909,#3910);
#3909 = CARTESIAN_POINT('',(62.78,-54.,-4.6E-02));
#3910 = VECTOR('',#3911,1.);
#3911 = DIRECTION('',(0.,0.,1.));
#3912 = ORIENTED_EDGE('',*,*,#2094,.F.);
#3913 = ORIENTED_EDGE('',*,*,#3907,.F.);
#3914 = CYLINDRICAL_SURFACE('',#3915,0.5);
#3915 = AXIS2_PLACEMENT_3D('',#3916,#3917,#3918);
#3916 = CARTESIAN_POINT('',(62.78,-53.5,-4.6E-02));
#3917 = DIRECTION('',(-0.,-0.,-1.));
#3918 = DIRECTION('',(-0.,-1.,0.));
#3919 = ADVANCED_FACE('',(#3920),#3931,.F.);
#3920 = FACE_BOUND('',#3921,.T.);
#3921 = EDGE_LOOP('',(#3922,#3923,#3929,#3930));
#3922 = ORIENTED_EDGE('',*,*,#714,.T.);
#3923 = ORIENTED_EDGE('',*,*,#3924,.T.);
#3924 = EDGE_CURVE('',#715,#2106,#3925,.T.);
#3925 = LINE('',#3926,#3927);
#3926 = CARTESIAN_POINT('',(65.32,-54.,-4.6E-02));
#3927 = VECTOR('',#3928,1.);
#3928 = DIRECTION('',(0.,0.,1.));
#3929 = ORIENTED_EDGE('',*,*,#2105,.F.);
#3930 = ORIENTED_EDGE('',*,*,#3924,.F.);
#3931 = CYLINDRICAL_SURFACE('',#3932,0.5);
#3932 = AXIS2_PLACEMENT_3D('',#3933,#3934,#3935);
#3933 = CARTESIAN_POINT('',(65.32,-53.5,-4.6E-02));
#3934 = DIRECTION('',(-0.,-0.,-1.));
#3935 = DIRECTION('',(-0.,-1.,0.));
#3936 = ADVANCED_FACE('',(#3937),#3948,.F.);
#3937 = FACE_BOUND('',#3938,.T.);
#3938 = EDGE_LOOP('',(#3939,#3940,#3946,#3947));
#3939 = ORIENTED_EDGE('',*,*,#725,.T.);
#3940 = ORIENTED_EDGE('',*,*,#3941,.T.);
#3941 = EDGE_CURVE('',#726,#2117,#3942,.T.);
#3942 = LINE('',#3943,#3944);
#3943 = CARTESIAN_POINT('',(62.78,-51.46,-4.6E-02));
#3944 = VECTOR('',#3945,1.);
#3945 = DIRECTION('',(0.,0.,1.));
#3946 = ORIENTED_EDGE('',*,*,#2116,.F.);
#3947 = ORIENTED_EDGE('',*,*,#3941,.F.);
#3948 = CYLINDRICAL_SURFACE('',#3949,0.5);
#3949 = AXIS2_PLACEMENT_3D('',#3950,#3951,#3952);
#3950 = CARTESIAN_POINT('',(62.78,-50.96,-4.6E-02));
#3951 = DIRECTION('',(-0.,-0.,-1.));
#3952 = DIRECTION('',(-0.,-1.,0.));
#3953 = ADVANCED_FACE('',(#3954),#3965,.F.);
#3954 = FACE_BOUND('',#3955,.T.);
#3955 = EDGE_LOOP('',(#3956,#3957,#3963,#3964));
#3956 = ORIENTED_EDGE('',*,*,#736,.T.);
#3957 = ORIENTED_EDGE('',*,*,#3958,.T.);
#3958 = EDGE_CURVE('',#737,#2128,#3959,.T.);
#3959 = LINE('',#3960,#3961);
#3960 = CARTESIAN_POINT('',(65.32,-51.46,-4.6E-02));
#3961 = VECTOR('',#3962,1.);
#3962 = DIRECTION('',(0.,0.,1.));
#3963 = ORIENTED_EDGE('',*,*,#2127,.F.);
#3964 = ORIENTED_EDGE('',*,*,#3958,.F.);
#3965 = CYLINDRICAL_SURFACE('',#3966,0.5);
#3966 = AXIS2_PLACEMENT_3D('',#3967,#3968,#3969);
#3967 = CARTESIAN_POINT('',(65.32,-50.96,-4.6E-02));
#3968 = DIRECTION('',(-0.,-0.,-1.));
#3969 = DIRECTION('',(-0.,-1.,0.));
#3970 = ADVANCED_FACE('',(#3971),#3982,.F.);
#3971 = FACE_BOUND('',#3972,.T.);
#3972 = EDGE_LOOP('',(#3973,#3974,#3980,#3981));
#3973 = ORIENTED_EDGE('',*,*,#747,.T.);
#3974 = ORIENTED_EDGE('',*,*,#3975,.T.);
#3975 = EDGE_CURVE('',#748,#2139,#3976,.T.);
#3976 = LINE('',#3977,#3978);
#3977 = CARTESIAN_POINT('',(81.5,-63.5,-4.6E-02));
#3978 = VECTOR('',#3979,1.);
#3979 = DIRECTION('',(0.,0.,1.));
#3980 = ORIENTED_EDGE('',*,*,#2138,.F.);
#3981 = ORIENTED_EDGE('',*,*,#3975,.F.);
#3982 = CYLINDRICAL_SURFACE('',#3983,2.);
#3983 = AXIS2_PLACEMENT_3D('',#3984,#3985,#3986);
#3984 = CARTESIAN_POINT('',(81.5,-61.5,-4.6E-02));
#3985 = DIRECTION('',(-0.,-0.,-1.));
#3986 = DIRECTION('',(-0.,-1.,0.));
#3987 = ADVANCED_FACE('',(#3988),#3999,.F.);
#3988 = FACE_BOUND('',#3989,.T.);
#3989 = EDGE_LOOP('',(#3990,#3991,#3997,#3998));
#3990 = ORIENTED_EDGE('',*,*,#758,.T.);
#3991 = ORIENTED_EDGE('',*,*,#3992,.T.);
#3992 = EDGE_CURVE('',#759,#2150,#3993,.T.);
#3993 = LINE('',#3994,#3995);
#3994 = CARTESIAN_POINT('',(50.63,-38.5875,-3.6E-02));
#3995 = VECTOR('',#3996,1.);
#3996 = DIRECTION('',(0.,0.,1.));
#3997 = ORIENTED_EDGE('',*,*,#2149,.F.);
#3998 = ORIENTED_EDGE('',*,*,#3992,.F.);
#3999 = CYLINDRICAL_SURFACE('',#4000,0.15);
#4000 = AXIS2_PLACEMENT_3D('',#4001,#4002,#4003);
#4001 = CARTESIAN_POINT('',(50.63,-38.4375,-3.6E-02));
#4002 = DIRECTION('',(-0.,0.,-1.));
#4003 = DIRECTION('',(4.736951571734E-14,-1.,-0.));
#4004 = ADVANCED_FACE('',(#4005),#4016,.F.);
#4005 = FACE_BOUND('',#4006,.T.);
#4006 = EDGE_LOOP('',(#4007,#4008,#4014,#4015));
#4007 = ORIENTED_EDGE('',*,*,#769,.T.);
#4008 = ORIENTED_EDGE('',*,*,#4009,.T.);
#4009 = EDGE_CURVE('',#770,#2161,#4010,.T.);
#4010 = LINE('',#4011,#4012);
#4011 = CARTESIAN_POINT('',(54.59,-38.63,-3.6E-02));
#4012 = VECTOR('',#4013,1.);
#4013 = DIRECTION('',(0.,0.,1.));
#4014 = ORIENTED_EDGE('',*,*,#2160,.F.);
#4015 = ORIENTED_EDGE('',*,*,#4009,.F.);
#4016 = CYLINDRICAL_SURFACE('',#4017,0.15);
#4017 = AXIS2_PLACEMENT_3D('',#4018,#4019,#4020);
#4018 = CARTESIAN_POINT('',(54.59,-38.48,-3.6E-02));
#4019 = DIRECTION('',(-0.,-0.,-1.));
#4020 = DIRECTION('',(-0.,-1.,0.));
#4021 = ADVANCED_FACE('',(#4022),#4033,.F.);
#4022 = FACE_BOUND('',#4023,.T.);
#4023 = EDGE_LOOP('',(#4024,#4025,#4031,#4032));
#4024 = ORIENTED_EDGE('',*,*,#780,.T.);
#4025 = ORIENTED_EDGE('',*,*,#4026,.T.);
#4026 = EDGE_CURVE('',#781,#2172,#4027,.T.);
#4027 = LINE('',#4028,#4029);
#4028 = CARTESIAN_POINT('',(50.21,-33.89,-3.6E-02));
#4029 = VECTOR('',#4030,1.);
#4030 = DIRECTION('',(0.,0.,1.));
#4031 = ORIENTED_EDGE('',*,*,#2171,.F.);
#4032 = ORIENTED_EDGE('',*,*,#4026,.F.);
#4033 = CYLINDRICAL_SURFACE('',#4034,0.15);
#4034 = AXIS2_PLACEMENT_3D('',#4035,#4036,#4037);
#4035 = CARTESIAN_POINT('',(50.21,-33.74,-3.6E-02));
#4036 = DIRECTION('',(-0.,-0.,-1.));
#4037 = DIRECTION('',(-0.,-1.,0.));
#4038 = ADVANCED_FACE('',(#4039),#4050,.F.);
#4039 = FACE_BOUND('',#4040,.T.);
#4040 = EDGE_LOOP('',(#4041,#4042,#4048,#4049));
#4041 = ORIENTED_EDGE('',*,*,#791,.T.);
#4042 = ORIENTED_EDGE('',*,*,#4043,.T.);
#4043 = EDGE_CURVE('',#792,#2183,#4044,.T.);
#4044 = LINE('',#4045,#4046);
#4045 = CARTESIAN_POINT('',(48.7,-33.17,-3.6E-02));
#4046 = VECTOR('',#4047,1.);
#4047 = DIRECTION('',(0.,0.,1.));
#4048 = ORIENTED_EDGE('',*,*,#2182,.F.);
#4049 = ORIENTED_EDGE('',*,*,#4043,.F.);
#4050 = CYLINDRICAL_SURFACE('',#4051,0.15);
#4051 = AXIS2_PLACEMENT_3D('',#4052,#4053,#4054);
#4052 = CARTESIAN_POINT('',(48.7,-33.02,-3.6E-02));
#4053 = DIRECTION('',(-0.,-0.,-1.));
#4054 = DIRECTION('',(-0.,-1.,0.));
#4055 = ADVANCED_FACE('',(#4056),#4067,.F.);
#4056 = FACE_BOUND('',#4057,.T.);
#4057 = EDGE_LOOP('',(#4058,#4059,#4065,#4066));
#4058 = ORIENTED_EDGE('',*,*,#802,.T.);
#4059 = ORIENTED_EDGE('',*,*,#4060,.T.);
#4060 = EDGE_CURVE('',#803,#2194,#4061,.T.);
#4061 = LINE('',#4062,#4063);
#4062 = CARTESIAN_POINT('',(51.96,-33.13,-3.6E-02));
#4063 = VECTOR('',#4064,1.);
#4064 = DIRECTION('',(0.,0.,1.));
#4065 = ORIENTED_EDGE('',*,*,#2193,.F.);
#4066 = ORIENTED_EDGE('',*,*,#4060,.F.);
#4067 = CYLINDRICAL_SURFACE('',#4068,0.15);
#4068 = AXIS2_PLACEMENT_3D('',#4069,#4070,#4071);
#4069 = CARTESIAN_POINT('',(51.96,-32.98,-3.6E-02));
#4070 = DIRECTION('',(-0.,-0.,-1.));
#4071 = DIRECTION('',(-0.,-1.,0.));
#4072 = ADVANCED_FACE('',(#4073),#4084,.F.);
#4073 = FACE_BOUND('',#4074,.T.);
#4074 = EDGE_LOOP('',(#4075,#4076,#4082,#4083));
#4075 = ORIENTED_EDGE('',*,*,#813,.T.);
#4076 = ORIENTED_EDGE('',*,*,#4077,.T.);
#4077 = EDGE_CURVE('',#814,#2205,#4078,.T.);
#4078 = LINE('',#4079,#4080);
#4079 = CARTESIAN_POINT('',(53.48,-33.12,-3.6E-02));
#4080 = VECTOR('',#4081,1.);
#4081 = DIRECTION('',(0.,0.,1.));
#4082 = ORIENTED_EDGE('',*,*,#2204,.F.);
#4083 = ORIENTED_EDGE('',*,*,#4077,.F.);
#4084 = CYLINDRICAL_SURFACE('',#4085,0.15);
#4085 = AXIS2_PLACEMENT_3D('',#4086,#4087,#4088);
#4086 = CARTESIAN_POINT('',(53.48,-32.97,-3.6E-02));
#4087 = DIRECTION('',(-0.,-0.,-1.));
#4088 = DIRECTION('',(-4.736951571734E-14,-1.,0.));
#4089 = ADVANCED_FACE('',(#4090),#4101,.F.);
#4090 = FACE_BOUND('',#4091,.T.);
#4091 = EDGE_LOOP('',(#4092,#4093,#4099,#4100));
#4092 = ORIENTED_EDGE('',*,*,#824,.T.);
#4093 = ORIENTED_EDGE('',*,*,#4094,.T.);
#4094 = EDGE_CURVE('',#825,#2216,#4095,.T.);
#4095 = LINE('',#4096,#4097);
#4096 = CARTESIAN_POINT('',(63.01125,-33.495,-3.6E-02));
#4097 = VECTOR('',#4098,1.);
#4098 = DIRECTION('',(0.,0.,1.));
#4099 = ORIENTED_EDGE('',*,*,#2215,.F.);
#4100 = ORIENTED_EDGE('',*,*,#4094,.F.);
#4101 = CYLINDRICAL_SURFACE('',#4102,0.15);
#4102 = AXIS2_PLACEMENT_3D('',#4103,#4104,#4105);
#4103 = CARTESIAN_POINT('',(63.01125,-33.345,-3.6E-02));
#4104 = DIRECTION('',(-0.,-0.,-1.));
#4105 = DIRECTION('',(-4.736951571734E-14,-1.,0.));
#4106 = ADVANCED_FACE('',(#4107),#4118,.F.);
#4107 = FACE_BOUND('',#4108,.T.);
#4108 = EDGE_LOOP('',(#4109,#4110,#4116,#4117));
#4109 = ORIENTED_EDGE('',*,*,#835,.T.);
#4110 = ORIENTED_EDGE('',*,*,#4111,.T.);
#4111 = EDGE_CURVE('',#836,#2227,#4112,.T.);
#4112 = LINE('',#4113,#4114);
#4113 = CARTESIAN_POINT('',(34.86,-28.42,-3.6E-02));
#4114 = VECTOR('',#4115,1.);
#4115 = DIRECTION('',(0.,0.,1.));
#4116 = ORIENTED_EDGE('',*,*,#2226,.F.);
#4117 = ORIENTED_EDGE('',*,*,#4111,.F.);
#4118 = CYLINDRICAL_SURFACE('',#4119,0.15);
#4119 = AXIS2_PLACEMENT_3D('',#4120,#4121,#4122);
#4120 = CARTESIAN_POINT('',(34.86,-28.27,-3.6E-02));
#4121 = DIRECTION('',(-0.,-0.,-1.));
#4122 = DIRECTION('',(-0.,-1.,0.));
#4123 = ADVANCED_FACE('',(#4124),#4135,.F.);
#4124 = FACE_BOUND('',#4125,.T.);
#4125 = EDGE_LOOP('',(#4126,#4127,#4133,#4134));
#4126 = ORIENTED_EDGE('',*,*,#846,.T.);
#4127 = ORIENTED_EDGE('',*,*,#4128,.T.);
#4128 = EDGE_CURVE('',#847,#2238,#4129,.T.);
#4129 = LINE('',#4130,#4131);
#4130 = CARTESIAN_POINT('',(42.,-31.725,-3.6E-02));
#4131 = VECTOR('',#4132,1.);
#4132 = DIRECTION('',(0.,0.,1.));
#4133 = ORIENTED_EDGE('',*,*,#2237,.F.);
#4134 = ORIENTED_EDGE('',*,*,#4128,.F.);
#4135 = CYLINDRICAL_SURFACE('',#4136,0.15);
#4136 = AXIS2_PLACEMENT_3D('',#4137,#4138,#4139);
#4137 = CARTESIAN_POINT('',(42.,-31.575,-3.6E-02));
#4138 = DIRECTION('',(-0.,-0.,-1.));
#4139 = DIRECTION('',(-0.,-1.,0.));
#4140 = ADVANCED_FACE('',(#4141),#4152,.F.);
#4141 = FACE_BOUND('',#4142,.T.);
#4142 = EDGE_LOOP('',(#4143,#4144,#4150,#4151));
#4143 = ORIENTED_EDGE('',*,*,#857,.T.);
#4144 = ORIENTED_EDGE('',*,*,#4145,.T.);
#4145 = EDGE_CURVE('',#858,#2249,#4146,.T.);
#4146 = LINE('',#4147,#4148);
#4147 = CARTESIAN_POINT('',(45.97,-32.03,-3.6E-02));
#4148 = VECTOR('',#4149,1.);
#4149 = DIRECTION('',(0.,0.,1.));
#4150 = ORIENTED_EDGE('',*,*,#2248,.F.);
#4151 = ORIENTED_EDGE('',*,*,#4145,.F.);
#4152 = CYLINDRICAL_SURFACE('',#4153,0.15);
#4153 = AXIS2_PLACEMENT_3D('',#4154,#4155,#4156);
#4154 = CARTESIAN_POINT('',(45.97,-31.88,-3.6E-02));
#4155 = DIRECTION('',(-0.,-0.,-1.));
#4156 = DIRECTION('',(-0.,-1.,0.));
#4157 = ADVANCED_FACE('',(#4158),#4169,.F.);
#4158 = FACE_BOUND('',#4159,.T.);
#4159 = EDGE_LOOP('',(#4160,#4161,#4167,#4168));
#4160 = ORIENTED_EDGE('',*,*,#868,.T.);
#4161 = ORIENTED_EDGE('',*,*,#4162,.T.);
#4162 = EDGE_CURVE('',#869,#2260,#4163,.T.);
#4163 = LINE('',#4164,#4165);
#4164 = CARTESIAN_POINT('',(38.82,-28.18,-3.6E-02));
#4165 = VECTOR('',#4166,1.);
#4166 = DIRECTION('',(0.,0.,1.));
#4167 = ORIENTED_EDGE('',*,*,#2259,.F.);
#4168 = ORIENTED_EDGE('',*,*,#4162,.F.);
#4169 = CYLINDRICAL_SURFACE('',#4170,0.15);
#4170 = AXIS2_PLACEMENT_3D('',#4171,#4172,#4173);
#4171 = CARTESIAN_POINT('',(38.82,-28.03,-3.6E-02));
#4172 = DIRECTION('',(-0.,-0.,-1.));
#4173 = DIRECTION('',(-0.,-1.,0.));
#4174 = ADVANCED_FACE('',(#4175),#4186,.F.);
#4175 = FACE_BOUND('',#4176,.T.);
#4176 = EDGE_LOOP('',(#4177,#4178,#4184,#4185));
#4177 = ORIENTED_EDGE('',*,*,#879,.T.);
#4178 = ORIENTED_EDGE('',*,*,#4179,.T.);
#4179 = EDGE_CURVE('',#880,#2271,#4180,.T.);
#4180 = LINE('',#4181,#4182);
#4181 = CARTESIAN_POINT('',(42.68,-28.19,-3.6E-02));
#4182 = VECTOR('',#4183,1.);
#4183 = DIRECTION('',(0.,0.,1.));
#4184 = ORIENTED_EDGE('',*,*,#2270,.F.);
#4185 = ORIENTED_EDGE('',*,*,#4179,.F.);
#4186 = CYLINDRICAL_SURFACE('',#4187,0.15);
#4187 = AXIS2_PLACEMENT_3D('',#4188,#4189,#4190);
#4188 = CARTESIAN_POINT('',(42.68,-28.04,-3.6E-02));
#4189 = DIRECTION('',(-0.,-0.,-1.));
#4190 = DIRECTION('',(-0.,-1.,0.));
#4191 = ADVANCED_FACE('',(#4192),#4203,.F.);
#4192 = FACE_BOUND('',#4193,.T.);
#4193 = EDGE_LOOP('',(#4194,#4195,#4201,#4202));
#4194 = ORIENTED_EDGE('',*,*,#890,.T.);
#4195 = ORIENTED_EDGE('',*,*,#4196,.T.);
#4196 = EDGE_CURVE('',#891,#2282,#4197,.T.);
#4197 = LINE('',#4198,#4199);
#4198 = CARTESIAN_POINT('',(3.,-5.,-4.6E-02));
#4199 = VECTOR('',#4200,1.);
#4200 = DIRECTION('',(0.,0.,1.));
#4201 = ORIENTED_EDGE('',*,*,#2281,.F.);
#4202 = ORIENTED_EDGE('',*,*,#4196,.F.);
#4203 = CYLINDRICAL_SURFACE('',#4204,2.);
#4204 = AXIS2_PLACEMENT_3D('',#4205,#4206,#4207);
#4205 = CARTESIAN_POINT('',(3.,-3.,-4.6E-02));
#4206 = DIRECTION('',(-0.,-0.,-1.));
#4207 = DIRECTION('',(-0.,-1.,0.));
#4208 = ADVANCED_FACE('',(#4209),#4220,.F.);
#4209 = FACE_BOUND('',#4210,.T.);
#4210 = EDGE_LOOP('',(#4211,#4212,#4218,#4219));
#4211 = ORIENTED_EDGE('',*,*,#901,.T.);
#4212 = ORIENTED_EDGE('',*,*,#4213,.T.);
#4213 = EDGE_CURVE('',#902,#2293,#4214,.T.);
#4214 = LINE('',#4215,#4216);
#4215 = CARTESIAN_POINT('',(24.,-5.,-4.6E-02));
#4216 = VECTOR('',#4217,1.);
#4217 = DIRECTION('',(0.,0.,1.));
#4218 = ORIENTED_EDGE('',*,*,#2292,.F.);
#4219 = ORIENTED_EDGE('',*,*,#4213,.F.);
#4220 = CYLINDRICAL_SURFACE('',#4221,0.5);
#4221 = AXIS2_PLACEMENT_3D('',#4222,#4223,#4224);
#4222 = CARTESIAN_POINT('',(24.,-4.5,-4.6E-02));
#4223 = DIRECTION('',(-0.,-0.,-1.));
#4224 = DIRECTION('',(-0.,-1.,0.));
#4225 = ADVANCED_FACE('',(#4226),#4237,.F.);
#4226 = FACE_BOUND('',#4227,.T.);
#4227 = EDGE_LOOP('',(#4228,#4229,#4235,#4236));
#4228 = ORIENTED_EDGE('',*,*,#912,.T.);
#4229 = ORIENTED_EDGE('',*,*,#4230,.T.);
#4230 = EDGE_CURVE('',#913,#2304,#4231,.T.);
#4231 = LINE('',#4232,#4233);
#4232 = CARTESIAN_POINT('',(24.,-2.46,-4.6E-02));
#4233 = VECTOR('',#4234,1.);
#4234 = DIRECTION('',(0.,0.,1.));
#4235 = ORIENTED_EDGE('',*,*,#2303,.F.);
#4236 = ORIENTED_EDGE('',*,*,#4230,.F.);
#4237 = CYLINDRICAL_SURFACE('',#4238,0.5);
#4238 = AXIS2_PLACEMENT_3D('',#4239,#4240,#4241);
#4239 = CARTESIAN_POINT('',(24.,-1.96,-4.6E-02));
#4240 = DIRECTION('',(-0.,-0.,-1.));
#4241 = DIRECTION('',(-0.,-1.,0.));
#4242 = ADVANCED_FACE('',(#4243),#4254,.F.);
#4243 = FACE_BOUND('',#4244,.T.);
#4244 = EDGE_LOOP('',(#4245,#4246,#4252,#4253));
#4245 = ORIENTED_EDGE('',*,*,#923,.T.);
#4246 = ORIENTED_EDGE('',*,*,#4247,.T.);
#4247 = EDGE_CURVE('',#924,#2315,#4248,.T.);
#4248 = LINE('',#4249,#4250);
#4249 = CARTESIAN_POINT('',(26.54,-5.,-4.6E-02));
#4250 = VECTOR('',#4251,1.);
#4251 = DIRECTION('',(0.,0.,1.));
#4252 = ORIENTED_EDGE('',*,*,#2314,.F.);
#4253 = ORIENTED_EDGE('',*,*,#4247,.F.);
#4254 = CYLINDRICAL_SURFACE('',#4255,0.5);
#4255 = AXIS2_PLACEMENT_3D('',#4256,#4257,#4258);
#4256 = CARTESIAN_POINT('',(26.54,-4.5,-4.6E-02));
#4257 = DIRECTION('',(-0.,-0.,-1.));
#4258 = DIRECTION('',(-0.,-1.,0.));
#4259 = ADVANCED_FACE('',(#4260),#4271,.F.);
#4260 = FACE_BOUND('',#4261,.T.);
#4261 = EDGE_LOOP('',(#4262,#4263,#4269,#4270));
#4262 = ORIENTED_EDGE('',*,*,#934,.T.);
#4263 = ORIENTED_EDGE('',*,*,#4264,.T.);
#4264 = EDGE_CURVE('',#935,#2326,#4265,.T.);
#4265 = LINE('',#4266,#4267);
#4266 = CARTESIAN_POINT('',(29.08,-5.,-4.6E-02));
#4267 = VECTOR('',#4268,1.);
#4268 = DIRECTION('',(0.,0.,1.));
#4269 = ORIENTED_EDGE('',*,*,#2325,.F.);
#4270 = ORIENTED_EDGE('',*,*,#4264,.F.);
#4271 = CYLINDRICAL_SURFACE('',#4272,0.5);
#4272 = AXIS2_PLACEMENT_3D('',#4273,#4274,#4275);
#4273 = CARTESIAN_POINT('',(29.08,-4.5,-4.6E-02));
#4274 = DIRECTION('',(-0.,-0.,-1.));
#4275 = DIRECTION('',(-0.,-1.,0.));
#4276 = ADVANCED_FACE('',(#4277),#4288,.F.);
#4277 = FACE_BOUND('',#4278,.T.);
#4278 = EDGE_LOOP('',(#4279,#4280,#4286,#4287));
#4279 = ORIENTED_EDGE('',*,*,#945,.T.);
#4280 = ORIENTED_EDGE('',*,*,#4281,.T.);
#4281 = EDGE_CURVE('',#946,#2337,#4282,.T.);
#4282 = LINE('',#4283,#4284);
#4283 = CARTESIAN_POINT('',(26.54,-2.46,-4.6E-02));
#4284 = VECTOR('',#4285,1.);
#4285 = DIRECTION('',(0.,0.,1.));
#4286 = ORIENTED_EDGE('',*,*,#2336,.F.);
#4287 = ORIENTED_EDGE('',*,*,#4281,.F.);
#4288 = CYLINDRICAL_SURFACE('',#4289,0.5);
#4289 = AXIS2_PLACEMENT_3D('',#4290,#4291,#4292);
#4290 = CARTESIAN_POINT('',(26.54,-1.96,-4.6E-02));
#4291 = DIRECTION('',(-0.,-0.,-1.));
#4292 = DIRECTION('',(-0.,-1.,0.));
#4293 = ADVANCED_FACE('',(#4294),#4305,.F.);
#4294 = FACE_BOUND('',#4295,.T.);
#4295 = EDGE_LOOP('',(#4296,#4297,#4303,#4304));
#4296 = ORIENTED_EDGE('',*,*,#956,.T.);
#4297 = ORIENTED_EDGE('',*,*,#4298,.T.);
#4298 = EDGE_CURVE('',#957,#2348,#4299,.T.);
#4299 = LINE('',#4300,#4301);
#4300 = CARTESIAN_POINT('',(29.08,-2.46,-4.6E-02));
#4301 = VECTOR('',#4302,1.);
#4302 = DIRECTION('',(0.,0.,1.));
#4303 = ORIENTED_EDGE('',*,*,#2347,.F.);
#4304 = ORIENTED_EDGE('',*,*,#4298,.F.);
#4305 = CYLINDRICAL_SURFACE('',#4306,0.5);
#4306 = AXIS2_PLACEMENT_3D('',#4307,#4308,#4309);
#4307 = CARTESIAN_POINT('',(29.08,-1.96,-4.6E-02));
#4308 = DIRECTION('',(-0.,-0.,-1.));
#4309 = DIRECTION('',(-0.,-1.,0.));
#4310 = ADVANCED_FACE('',(#4311),#4322,.F.);
#4311 = FACE_BOUND('',#4312,.T.);
#4312 = EDGE_LOOP('',(#4313,#4314,#4320,#4321));
#4313 = ORIENTED_EDGE('',*,*,#967,.T.);
#4314 = ORIENTED_EDGE('',*,*,#4315,.T.);
#4315 = EDGE_CURVE('',#968,#2359,#4316,.T.);
#4316 = LINE('',#4317,#4318);
#4317 = CARTESIAN_POINT('',(31.62,-5.,-4.6E-02));
#4318 = VECTOR('',#4319,1.);
#4319 = DIRECTION('',(0.,0.,1.));
#4320 = ORIENTED_EDGE('',*,*,#2358,.F.);
#4321 = ORIENTED_EDGE('',*,*,#4315,.F.);
#4322 = CYLINDRICAL_SURFACE('',#4323,0.5);
#4323 = AXIS2_PLACEMENT_3D('',#4324,#4325,#4326);
#4324 = CARTESIAN_POINT('',(31.62,-4.5,-4.6E-02));
#4325 = DIRECTION('',(-0.,0.,-1.));
#4326 = DIRECTION('',(7.105427357601E-15,-1.,-0.));
#4327 = ADVANCED_FACE('',(#4328),#4339,.F.);
#4328 = FACE_BOUND('',#4329,.T.);
#4329 = EDGE_LOOP('',(#4330,#4331,#4337,#4338));
#4330 = ORIENTED_EDGE('',*,*,#978,.T.);
#4331 = ORIENTED_EDGE('',*,*,#4332,.T.);
#4332 = EDGE_CURVE('',#979,#2370,#4333,.T.);
#4333 = LINE('',#4334,#4335);
#4334 = CARTESIAN_POINT('',(34.16,-5.,-4.6E-02));
#4335 = VECTOR('',#4336,1.);
#4336 = DIRECTION('',(0.,0.,1.));
#4337 = ORIENTED_EDGE('',*,*,#2369,.F.);
#4338 = ORIENTED_EDGE('',*,*,#4332,.F.);
#4339 = CYLINDRICAL_SURFACE('',#4340,0.5);
#4340 = AXIS2_PLACEMENT_3D('',#4341,#4342,#4343);
#4341 = CARTESIAN_POINT('',(34.16,-4.5,-4.6E-02));
#4342 = DIRECTION('',(-0.,-0.,-1.));
#4343 = DIRECTION('',(-0.,-1.,0.));
#4344 = ADVANCED_FACE('',(#4345),#4356,.F.);
#4345 = FACE_BOUND('',#4346,.T.);
#4346 = EDGE_LOOP('',(#4347,#4348,#4354,#4355));
#4347 = ORIENTED_EDGE('',*,*,#989,.T.);
#4348 = ORIENTED_EDGE('',*,*,#4349,.T.);
#4349 = EDGE_CURVE('',#990,#2381,#4350,.T.);
#4350 = LINE('',#4351,#4352);
#4351 = CARTESIAN_POINT('',(31.62,-2.46,-4.6E-02));
#4352 = VECTOR('',#4353,1.);
#4353 = DIRECTION('',(0.,0.,1.));
#4354 = ORIENTED_EDGE('',*,*,#2380,.F.);
#4355 = ORIENTED_EDGE('',*,*,#4349,.F.);
#4356 = CYLINDRICAL_SURFACE('',#4357,0.5);
#4357 = AXIS2_PLACEMENT_3D('',#4358,#4359,#4360);
#4358 = CARTESIAN_POINT('',(31.62,-1.96,-4.6E-02));
#4359 = DIRECTION('',(-0.,0.,-1.));
#4360 = DIRECTION('',(7.105427357601E-15,-1.,-0.));
#4361 = ADVANCED_FACE('',(#4362),#4373,.F.);
#4362 = FACE_BOUND('',#4363,.T.);
#4363 = EDGE_LOOP('',(#4364,#4365,#4371,#4372));
#4364 = ORIENTED_EDGE('',*,*,#1000,.T.);
#4365 = ORIENTED_EDGE('',*,*,#4366,.T.);
#4366 = EDGE_CURVE('',#1001,#2392,#4367,.T.);
#4367 = LINE('',#4368,#4369);
#4368 = CARTESIAN_POINT('',(34.16,-2.46,-4.6E-02));
#4369 = VECTOR('',#4370,1.);
#4370 = DIRECTION('',(0.,0.,1.));
#4371 = ORIENTED_EDGE('',*,*,#2391,.F.);
#4372 = ORIENTED_EDGE('',*,*,#4366,.F.);
#4373 = CYLINDRICAL_SURFACE('',#4374,0.5);
#4374 = AXIS2_PLACEMENT_3D('',#4375,#4376,#4377);
#4375 = CARTESIAN_POINT('',(34.16,-1.96,-4.6E-02));
#4376 = DIRECTION('',(-0.,-0.,-1.));
#4377 = DIRECTION('',(-0.,-1.,0.));
#4378 = ADVANCED_FACE('',(#4379),#4390,.F.);
#4379 = FACE_BOUND('',#4380,.T.);
#4380 = EDGE_LOOP('',(#4381,#4382,#4388,#4389));
#4381 = ORIENTED_EDGE('',*,*,#1011,.T.);
#4382 = ORIENTED_EDGE('',*,*,#4383,.T.);
#4383 = EDGE_CURVE('',#1012,#2403,#4384,.T.);
#4384 = LINE('',#4385,#4386);
#4385 = CARTESIAN_POINT('',(36.7,-5.,-4.6E-02));
#4386 = VECTOR('',#4387,1.);
#4387 = DIRECTION('',(0.,0.,1.));
#4388 = ORIENTED_EDGE('',*,*,#2402,.F.);
#4389 = ORIENTED_EDGE('',*,*,#4383,.F.);
#4390 = CYLINDRICAL_SURFACE('',#4391,0.5);
#4391 = AXIS2_PLACEMENT_3D('',#4392,#4393,#4394);
#4392 = CARTESIAN_POINT('',(36.7,-4.5,-4.6E-02));
#4393 = DIRECTION('',(-0.,-0.,-1.));
#4394 = DIRECTION('',(-0.,-1.,0.));
#4395 = ADVANCED_FACE('',(#4396),#4407,.F.);
#4396 = FACE_BOUND('',#4397,.T.);
#4397 = EDGE_LOOP('',(#4398,#4399,#4405,#4406));
#4398 = ORIENTED_EDGE('',*,*,#1022,.T.);
#4399 = ORIENTED_EDGE('',*,*,#4400,.T.);
#4400 = EDGE_CURVE('',#1023,#2414,#4401,.T.);
#4401 = LINE('',#4402,#4403);
#4402 = CARTESIAN_POINT('',(39.24,-5.,-4.6E-02));
#4403 = VECTOR('',#4404,1.);
#4404 = DIRECTION('',(0.,0.,1.));
#4405 = ORIENTED_EDGE('',*,*,#2413,.F.);
#4406 = ORIENTED_EDGE('',*,*,#4400,.F.);
#4407 = CYLINDRICAL_SURFACE('',#4408,0.5);
#4408 = AXIS2_PLACEMENT_3D('',#4409,#4410,#4411);
#4409 = CARTESIAN_POINT('',(39.24,-4.5,-4.6E-02));
#4410 = DIRECTION('',(-0.,-0.,-1.));
#4411 = DIRECTION('',(-0.,-1.,0.));
#4412 = ADVANCED_FACE('',(#4413),#4424,.F.);
#4413 = FACE_BOUND('',#4414,.T.);
#4414 = EDGE_LOOP('',(#4415,#4416,#4422,#4423));
#4415 = ORIENTED_EDGE('',*,*,#1033,.T.);
#4416 = ORIENTED_EDGE('',*,*,#4417,.T.);
#4417 = EDGE_CURVE('',#1034,#2425,#4418,.T.);
#4418 = LINE('',#4419,#4420);
#4419 = CARTESIAN_POINT('',(41.78,-5.,-4.6E-02));
#4420 = VECTOR('',#4421,1.);
#4421 = DIRECTION('',(0.,0.,1.));
#4422 = ORIENTED_EDGE('',*,*,#2424,.F.);
#4423 = ORIENTED_EDGE('',*,*,#4417,.F.);
#4424 = CYLINDRICAL_SURFACE('',#4425,0.5);
#4425 = AXIS2_PLACEMENT_3D('',#4426,#4427,#4428);
#4426 = CARTESIAN_POINT('',(41.78,-4.5,-4.6E-02));
#4427 = DIRECTION('',(-0.,-0.,-1.));
#4428 = DIRECTION('',(-0.,-1.,0.));
#4429 = ADVANCED_FACE('',(#4430),#4441,.F.);
#4430 = FACE_BOUND('',#4431,.T.);
#4431 = EDGE_LOOP('',(#4432,#4433,#4439,#4440));
#4432 = ORIENTED_EDGE('',*,*,#1044,.T.);
#4433 = ORIENTED_EDGE('',*,*,#4434,.T.);
#4434 = EDGE_CURVE('',#1045,#2436,#4435,.T.);
#4435 = LINE('',#4436,#4437);
#4436 = CARTESIAN_POINT('',(36.7,-2.46,-4.6E-02));
#4437 = VECTOR('',#4438,1.);
#4438 = DIRECTION('',(0.,0.,1.));
#4439 = ORIENTED_EDGE('',*,*,#2435,.F.);
#4440 = ORIENTED_EDGE('',*,*,#4434,.F.);
#4441 = CYLINDRICAL_SURFACE('',#4442,0.5);
#4442 = AXIS2_PLACEMENT_3D('',#4443,#4444,#4445);
#4443 = CARTESIAN_POINT('',(36.7,-1.96,-4.6E-02));
#4444 = DIRECTION('',(-0.,-0.,-1.));
#4445 = DIRECTION('',(-0.,-1.,0.));
#4446 = ADVANCED_FACE('',(#4447),#4458,.F.);
#4447 = FACE_BOUND('',#4448,.T.);
#4448 = EDGE_LOOP('',(#4449,#4450,#4456,#4457));
#4449 = ORIENTED_EDGE('',*,*,#1055,.T.);
#4450 = ORIENTED_EDGE('',*,*,#4451,.T.);
#4451 = EDGE_CURVE('',#1056,#2447,#4452,.T.);
#4452 = LINE('',#4453,#4454);
#4453 = CARTESIAN_POINT('',(39.24,-2.46,-4.6E-02));
#4454 = VECTOR('',#4455,1.);
#4455 = DIRECTION('',(0.,0.,1.));
#4456 = ORIENTED_EDGE('',*,*,#2446,.F.);
#4457 = ORIENTED_EDGE('',*,*,#4451,.F.);
#4458 = CYLINDRICAL_SURFACE('',#4459,0.5);
#4459 = AXIS2_PLACEMENT_3D('',#4460,#4461,#4462);
#4460 = CARTESIAN_POINT('',(39.24,-1.96,-4.6E-02));
#4461 = DIRECTION('',(-0.,-0.,-1.));
#4462 = DIRECTION('',(-0.,-1.,0.));
#4463 = ADVANCED_FACE('',(#4464),#4475,.F.);
#4464 = FACE_BOUND('',#4465,.T.);
#4465 = EDGE_LOOP('',(#4466,#4467,#4473,#4474));
#4466 = ORIENTED_EDGE('',*,*,#1066,.T.);
#4467 = ORIENTED_EDGE('',*,*,#4468,.T.);
#4468 = EDGE_CURVE('',#1067,#2458,#4469,.T.);
#4469 = LINE('',#4470,#4471);
#4470 = CARTESIAN_POINT('',(41.78,-2.46,-4.6E-02));
#4471 = VECTOR('',#4472,1.);
#4472 = DIRECTION('',(0.,0.,1.));
#4473 = ORIENTED_EDGE('',*,*,#2457,.F.);
#4474 = ORIENTED_EDGE('',*,*,#4468,.F.);
#4475 = CYLINDRICAL_SURFACE('',#4476,0.5);
#4476 = AXIS2_PLACEMENT_3D('',#4477,#4478,#4479);
#4477 = CARTESIAN_POINT('',(41.78,-1.96,-4.6E-02));
#4478 = DIRECTION('',(-0.,-0.,-1.));
#4479 = DIRECTION('',(-0.,-1.,0.));
#4480 = ADVANCED_FACE('',(#4481),#4492,.F.);
#4481 = FACE_BOUND('',#4482,.T.);
#4482 = EDGE_LOOP('',(#4483,#4484,#4490,#4491));
#4483 = ORIENTED_EDGE('',*,*,#1077,.T.);
#4484 = ORIENTED_EDGE('',*,*,#4485,.T.);
#4485 = EDGE_CURVE('',#1078,#2469,#4486,.T.);
#4486 = LINE('',#4487,#4488);
#4487 = CARTESIAN_POINT('',(44.32,-5.,-4.6E-02));
#4488 = VECTOR('',#4489,1.);
#4489 = DIRECTION('',(0.,0.,1.));
#4490 = ORIENTED_EDGE('',*,*,#2468,.F.);
#4491 = ORIENTED_EDGE('',*,*,#4485,.F.);
#4492 = CYLINDRICAL_SURFACE('',#4493,0.5);
#4493 = AXIS2_PLACEMENT_3D('',#4494,#4495,#4496);
#4494 = CARTESIAN_POINT('',(44.32,-4.5,-4.6E-02));
#4495 = DIRECTION('',(-0.,-0.,-1.));
#4496 = DIRECTION('',(-0.,-1.,0.));
#4497 = ADVANCED_FACE('',(#4498),#4509,.F.);
#4498 = FACE_BOUND('',#4499,.T.);
#4499 = EDGE_LOOP('',(#4500,#4501,#4507,#4508));
#4500 = ORIENTED_EDGE('',*,*,#1088,.T.);
#4501 = ORIENTED_EDGE('',*,*,#4502,.T.);
#4502 = EDGE_CURVE('',#1089,#2480,#4503,.T.);
#4503 = LINE('',#4504,#4505);
#4504 = CARTESIAN_POINT('',(46.86,-5.,-4.6E-02));
#4505 = VECTOR('',#4506,1.);
#4506 = DIRECTION('',(0.,0.,1.));
#4507 = ORIENTED_EDGE('',*,*,#2479,.F.);
#4508 = ORIENTED_EDGE('',*,*,#4502,.F.);
#4509 = CYLINDRICAL_SURFACE('',#4510,0.5);
#4510 = AXIS2_PLACEMENT_3D('',#4511,#4512,#4513);
#4511 = CARTESIAN_POINT('',(46.86,-4.5,-4.6E-02));
#4512 = DIRECTION('',(-0.,-0.,-1.));
#4513 = DIRECTION('',(-0.,-1.,0.));
#4514 = ADVANCED_FACE('',(#4515),#4526,.F.);
#4515 = FACE_BOUND('',#4516,.T.);
#4516 = EDGE_LOOP('',(#4517,#4518,#4524,#4525));
#4517 = ORIENTED_EDGE('',*,*,#1099,.T.);
#4518 = ORIENTED_EDGE('',*,*,#4519,.T.);
#4519 = EDGE_CURVE('',#1100,#2491,#4520,.T.);
#4520 = LINE('',#4521,#4522);
#4521 = CARTESIAN_POINT('',(44.32,-2.46,-4.6E-02));
#4522 = VECTOR('',#4523,1.);
#4523 = DIRECTION('',(0.,0.,1.));
#4524 = ORIENTED_EDGE('',*,*,#2490,.F.);
#4525 = ORIENTED_EDGE('',*,*,#4519,.F.);
#4526 = CYLINDRICAL_SURFACE('',#4527,0.5);
#4527 = AXIS2_PLACEMENT_3D('',#4528,#4529,#4530);
#4528 = CARTESIAN_POINT('',(44.32,-1.96,-4.6E-02));
#4529 = DIRECTION('',(-0.,-0.,-1.));
#4530 = DIRECTION('',(-0.,-1.,0.));
#4531 = ADVANCED_FACE('',(#4532),#4543,.F.);
#4532 = FACE_BOUND('',#4533,.T.);
#4533 = EDGE_LOOP('',(#4534,#4535,#4541,#4542));
#4534 = ORIENTED_EDGE('',*,*,#1110,.T.);
#4535 = ORIENTED_EDGE('',*,*,#4536,.T.);
#4536 = EDGE_CURVE('',#1111,#2502,#4537,.T.);
#4537 = LINE('',#4538,#4539);
#4538 = CARTESIAN_POINT('',(46.86,-2.46,-4.6E-02));
#4539 = VECTOR('',#4540,1.);
#4540 = DIRECTION('',(0.,0.,1.));
#4541 = ORIENTED_EDGE('',*,*,#2501,.F.);
#4542 = ORIENTED_EDGE('',*,*,#4536,.F.);
#4543 = CYLINDRICAL_SURFACE('',#4544,0.5);
#4544 = AXIS2_PLACEMENT_3D('',#4545,#4546,#4547);
#4545 = CARTESIAN_POINT('',(46.86,-1.96,-4.6E-02));
#4546 = DIRECTION('',(-0.,-0.,-1.));
#4547 = DIRECTION('',(-0.,-1.,0.));
#4548 = ADVANCED_FACE('',(#4549),#4560,.F.);
#4549 = FACE_BOUND('',#4550,.T.);
#4550 = EDGE_LOOP('',(#4551,#4552,#4558,#4559));
#4551 = ORIENTED_EDGE('',*,*,#1121,.T.);
#4552 = ORIENTED_EDGE('',*,*,#4553,.T.);
#4553 = EDGE_CURVE('',#1122,#2513,#4554,.T.);
#4554 = LINE('',#4555,#4556);
#4555 = CARTESIAN_POINT('',(49.5,-25.65,-3.6E-02));
#4556 = VECTOR('',#4557,1.);
#4557 = DIRECTION('',(0.,0.,1.));
#4558 = ORIENTED_EDGE('',*,*,#2512,.F.);
#4559 = ORIENTED_EDGE('',*,*,#4553,.F.);
#4560 = CYLINDRICAL_SURFACE('',#4561,0.15);
#4561 = AXIS2_PLACEMENT_3D('',#4562,#4563,#4564);
#4562 = CARTESIAN_POINT('',(49.5,-25.5,-3.6E-02));
#4563 = DIRECTION('',(-0.,-0.,-1.));
#4564 = DIRECTION('',(-0.,-1.,0.));
#4565 = ADVANCED_FACE('',(#4566),#4577,.F.);
#4566 = FACE_BOUND('',#4567,.T.);
#4567 = EDGE_LOOP('',(#4568,#4569,#4575,#4576));
#4568 = ORIENTED_EDGE('',*,*,#1132,.T.);
#4569 = ORIENTED_EDGE('',*,*,#4570,.T.);
#4570 = EDGE_CURVE('',#1133,#2524,#4571,.T.);
#4571 = LINE('',#4572,#4573);
#4572 = CARTESIAN_POINT('',(50.5,-25.65,-3.6E-02));
#4573 = VECTOR('',#4574,1.);
#4574 = DIRECTION('',(0.,0.,1.));
#4575 = ORIENTED_EDGE('',*,*,#2523,.F.);
#4576 = ORIENTED_EDGE('',*,*,#4570,.F.);
#4577 = CYLINDRICAL_SURFACE('',#4578,0.15);
#4578 = AXIS2_PLACEMENT_3D('',#4579,#4580,#4581);
#4579 = CARTESIAN_POINT('',(50.5,-25.5,-3.6E-02));
#4580 = DIRECTION('',(-0.,-0.,-1.));
#4581 = DIRECTION('',(-0.,-1.,0.));
#4582 = ADVANCED_FACE('',(#4583),#4594,.F.);
#4583 = FACE_BOUND('',#4584,.T.);
#4584 = EDGE_LOOP('',(#4585,#4586,#4592,#4593));
#4585 = ORIENTED_EDGE('',*,*,#1143,.T.);
#4586 = ORIENTED_EDGE('',*,*,#4587,.T.);
#4587 = EDGE_CURVE('',#1144,#2535,#4588,.T.);
#4588 = LINE('',#4589,#4590);
#4589 = CARTESIAN_POINT('',(51.5,-25.65,-3.6E-02));
#4590 = VECTOR('',#4591,1.);
#4591 = DIRECTION('',(0.,0.,1.));
#4592 = ORIENTED_EDGE('',*,*,#2534,.F.);
#4593 = ORIENTED_EDGE('',*,*,#4587,.F.);
#4594 = CYLINDRICAL_SURFACE('',#4595,0.15);
#4595 = AXIS2_PLACEMENT_3D('',#4596,#4597,#4598);
#4596 = CARTESIAN_POINT('',(51.5,-25.5,-3.6E-02));
#4597 = DIRECTION('',(-0.,-0.,-1.));
#4598 = DIRECTION('',(-0.,-1.,0.));
#4599 = ADVANCED_FACE('',(#4600),#4611,.F.);
#4600 = FACE_BOUND('',#4601,.T.);
#4601 = EDGE_LOOP('',(#4602,#4603,#4609,#4610));
#4602 = ORIENTED_EDGE('',*,*,#1154,.T.);
#4603 = ORIENTED_EDGE('',*,*,#4604,.T.);
#4604 = EDGE_CURVE('',#1155,#2546,#4605,.T.);
#4605 = LINE('',#4606,#4607);
#4606 = CARTESIAN_POINT('',(52.5,-25.65,-3.6E-02));
#4607 = VECTOR('',#4608,1.);
#4608 = DIRECTION('',(0.,0.,1.));
#4609 = ORIENTED_EDGE('',*,*,#2545,.F.);
#4610 = ORIENTED_EDGE('',*,*,#4604,.F.);
#4611 = CYLINDRICAL_SURFACE('',#4612,0.15);
#4612 = AXIS2_PLACEMENT_3D('',#4613,#4614,#4615);
#4613 = CARTESIAN_POINT('',(52.5,-25.5,-3.6E-02));
#4614 = DIRECTION('',(-0.,-0.,-1.));
#4615 = DIRECTION('',(-0.,-1.,0.));
#4616 = ADVANCED_FACE('',(#4617),#4628,.F.);
#4617 = FACE_BOUND('',#4618,.T.);
#4618 = EDGE_LOOP('',(#4619,#4620,#4626,#4627));
#4619 = ORIENTED_EDGE('',*,*,#1165,.T.);
#4620 = ORIENTED_EDGE('',*,*,#4621,.T.);
#4621 = EDGE_CURVE('',#1166,#2557,#4622,.T.);
#4622 = LINE('',#4623,#4624);
#4623 = CARTESIAN_POINT('',(53.49,-25.66,-3.6E-02));
#4624 = VECTOR('',#4625,1.);
#4625 = DIRECTION('',(0.,0.,1.));
#4626 = ORIENTED_EDGE('',*,*,#2556,.F.);
#4627 = ORIENTED_EDGE('',*,*,#4621,.F.);
#4628 = CYLINDRICAL_SURFACE('',#4629,0.15);
#4629 = AXIS2_PLACEMENT_3D('',#4630,#4631,#4632);
#4630 = CARTESIAN_POINT('',(53.49,-25.51,-3.6E-02));
#4631 = DIRECTION('',(-0.,-0.,-1.));
#4632 = DIRECTION('',(-0.,-1.,0.));
#4633 = ADVANCED_FACE('',(#4634),#4645,.F.);
#4634 = FACE_BOUND('',#4635,.T.);
#4635 = EDGE_LOOP('',(#4636,#4637,#4643,#4644));
#4636 = ORIENTED_EDGE('',*,*,#1176,.T.);
#4637 = ORIENTED_EDGE('',*,*,#4638,.T.);
#4638 = EDGE_CURVE('',#1177,#2568,#4639,.T.);
#4639 = LINE('',#4640,#4641);
#4640 = CARTESIAN_POINT('',(62.16125,-30.215,-3.6E-02));
#4641 = VECTOR('',#4642,1.);
#4642 = DIRECTION('',(0.,0.,1.));
#4643 = ORIENTED_EDGE('',*,*,#2567,.F.);
#4644 = ORIENTED_EDGE('',*,*,#4638,.F.);
#4645 = CYLINDRICAL_SURFACE('',#4646,0.15);
#4646 = AXIS2_PLACEMENT_3D('',#4647,#4648,#4649);
#4647 = CARTESIAN_POINT('',(62.16125,-30.065,-3.6E-02));
#4648 = DIRECTION('',(-0.,0.,-1.));
#4649 = DIRECTION('',(4.736951571734E-14,-1.,-0.));
#4650 = ADVANCED_FACE('',(#4651),#4662,.F.);
#4651 = FACE_BOUND('',#4652,.T.);
#4652 = EDGE_LOOP('',(#4653,#4654,#4660,#4661));
#4653 = ORIENTED_EDGE('',*,*,#1187,.T.);
#4654 = ORIENTED_EDGE('',*,*,#4655,.T.);
#4655 = EDGE_CURVE('',#1188,#2579,#4656,.T.);
#4656 = LINE('',#4657,#4658);
#4657 = CARTESIAN_POINT('',(65.18,-27.4125,-3.6E-02));
#4658 = VECTOR('',#4659,1.);
#4659 = DIRECTION('',(0.,0.,1.));
#4660 = ORIENTED_EDGE('',*,*,#2578,.F.);
#4661 = ORIENTED_EDGE('',*,*,#4655,.F.);
#4662 = CYLINDRICAL_SURFACE('',#4663,0.15);
#4663 = AXIS2_PLACEMENT_3D('',#4664,#4665,#4666);
#4664 = CARTESIAN_POINT('',(65.18,-27.2625,-3.6E-02));
#4665 = DIRECTION('',(-0.,-0.,-1.));
#4666 = DIRECTION('',(-0.,-1.,0.));
#4667 = ADVANCED_FACE('',(#4668),#4679,.F.);
#4668 = FACE_BOUND('',#4669,.T.);
#4669 = EDGE_LOOP('',(#4670,#4671,#4677,#4678));
#4670 = ORIENTED_EDGE('',*,*,#1198,.T.);
#4671 = ORIENTED_EDGE('',*,*,#4672,.T.);
#4672 = EDGE_CURVE('',#1199,#2590,#4673,.T.);
#4673 = LINE('',#4674,#4675);
#4674 = CARTESIAN_POINT('',(60.94,-25.94,-3.6E-02));
#4675 = VECTOR('',#4676,1.);
#4676 = DIRECTION('',(0.,0.,1.));
#4677 = ORIENTED_EDGE('',*,*,#2589,.F.);
#4678 = ORIENTED_EDGE('',*,*,#4672,.F.);
#4679 = CYLINDRICAL_SURFACE('',#4680,0.15);
#4680 = AXIS2_PLACEMENT_3D('',#4681,#4682,#4683);
#4681 = CARTESIAN_POINT('',(60.94,-25.79,-3.6E-02));
#4682 = DIRECTION('',(-0.,-0.,-1.));
#4683 = DIRECTION('',(-0.,-1.,0.));
#4684 = ADVANCED_FACE('',(#4685),#4696,.F.);
#4685 = FACE_BOUND('',#4686,.T.);
#4686 = EDGE_LOOP('',(#4687,#4688,#4694,#4695));
#4687 = ORIENTED_EDGE('',*,*,#1209,.T.);
#4688 = ORIENTED_EDGE('',*,*,#4689,.T.);
#4689 = EDGE_CURVE('',#1210,#2601,#4690,.T.);
#4690 = LINE('',#4691,#4692);
#4691 = CARTESIAN_POINT('',(49.53,-23.6,-3.6E-02));
#4692 = VECTOR('',#4693,1.);
#4693 = DIRECTION('',(0.,0.,1.));
#4694 = ORIENTED_EDGE('',*,*,#2600,.F.);
#4695 = ORIENTED_EDGE('',*,*,#4689,.F.);
#4696 = CYLINDRICAL_SURFACE('',#4697,0.15);
#4697 = AXIS2_PLACEMENT_3D('',#4698,#4699,#4700);
#4698 = CARTESIAN_POINT('',(49.53,-23.45,-3.6E-02));
#4699 = DIRECTION('',(-0.,-0.,-1.));
#4700 = DIRECTION('',(-0.,-1.,0.));
#4701 = ADVANCED_FACE('',(#4702),#4713,.F.);
#4702 = FACE_BOUND('',#4703,.T.);
#4703 = EDGE_LOOP('',(#4704,#4705,#4711,#4712));
#4704 = ORIENTED_EDGE('',*,*,#1220,.T.);
#4705 = ORIENTED_EDGE('',*,*,#4706,.T.);
#4706 = EDGE_CURVE('',#1221,#2612,#4707,.T.);
#4707 = LINE('',#4708,#4709);
#4708 = CARTESIAN_POINT('',(50.53,-23.6,-3.6E-02));
#4709 = VECTOR('',#4710,1.);
#4710 = DIRECTION('',(0.,0.,1.));
#4711 = ORIENTED_EDGE('',*,*,#2611,.F.);
#4712 = ORIENTED_EDGE('',*,*,#4706,.F.);
#4713 = CYLINDRICAL_SURFACE('',#4714,0.15);
#4714 = AXIS2_PLACEMENT_3D('',#4715,#4716,#4717);
#4715 = CARTESIAN_POINT('',(50.53,-23.45,-3.6E-02));
#4716 = DIRECTION('',(-0.,-0.,-1.));
#4717 = DIRECTION('',(-0.,-1.,0.));
#4718 = ADVANCED_FACE('',(#4719),#4730,.F.);
#4719 = FACE_BOUND('',#4720,.T.);
#4720 = EDGE_LOOP('',(#4721,#4722,#4728,#4729));
#4721 = ORIENTED_EDGE('',*,*,#1231,.T.);
#4722 = ORIENTED_EDGE('',*,*,#4723,.T.);
#4723 = EDGE_CURVE('',#1232,#2623,#4724,.T.);
#4724 = LINE('',#4725,#4726);
#4725 = CARTESIAN_POINT('',(51.53,-23.6,-3.6E-02));
#4726 = VECTOR('',#4727,1.);
#4727 = DIRECTION('',(0.,0.,1.));
#4728 = ORIENTED_EDGE('',*,*,#2622,.F.);
#4729 = ORIENTED_EDGE('',*,*,#4723,.F.);
#4730 = CYLINDRICAL_SURFACE('',#4731,0.15);
#4731 = AXIS2_PLACEMENT_3D('',#4732,#4733,#4734);
#4732 = CARTESIAN_POINT('',(51.53,-23.45,-3.6E-02));
#4733 = DIRECTION('',(-0.,-0.,-1.));
#4734 = DIRECTION('',(-0.,-1.,0.));
#4735 = ADVANCED_FACE('',(#4736),#4747,.F.);
#4736 = FACE_BOUND('',#4737,.T.);
#4737 = EDGE_LOOP('',(#4738,#4739,#4745,#4746));
#4738 = ORIENTED_EDGE('',*,*,#1242,.T.);
#4739 = ORIENTED_EDGE('',*,*,#4740,.T.);
#4740 = EDGE_CURVE('',#1243,#2634,#4741,.T.);
#4741 = LINE('',#4742,#4743);
#4742 = CARTESIAN_POINT('',(52.53,-23.6,-3.6E-02));
#4743 = VECTOR('',#4744,1.);
#4744 = DIRECTION('',(0.,0.,1.));
#4745 = ORIENTED_EDGE('',*,*,#2633,.F.);
#4746 = ORIENTED_EDGE('',*,*,#4740,.F.);
#4747 = CYLINDRICAL_SURFACE('',#4748,0.15);
#4748 = AXIS2_PLACEMENT_3D('',#4749,#4750,#4751);
#4749 = CARTESIAN_POINT('',(52.53,-23.45,-3.6E-02));
#4750 = DIRECTION('',(-0.,-0.,-1.));
#4751 = DIRECTION('',(-0.,-1.,0.));
#4752 = ADVANCED_FACE('',(#4753),#4764,.F.);
#4753 = FACE_BOUND('',#4754,.T.);
#4754 = EDGE_LOOP('',(#4755,#4756,#4762,#4763));
#4755 = ORIENTED_EDGE('',*,*,#1253,.T.);
#4756 = ORIENTED_EDGE('',*,*,#4757,.T.);
#4757 = EDGE_CURVE('',#1254,#2645,#4758,.T.);
#4758 = LINE('',#4759,#4760);
#4759 = CARTESIAN_POINT('',(53.52,-23.61,-3.6E-02));
#4760 = VECTOR('',#4761,1.);
#4761 = DIRECTION('',(0.,0.,1.));
#4762 = ORIENTED_EDGE('',*,*,#2644,.F.);
#4763 = ORIENTED_EDGE('',*,*,#4757,.F.);
#4764 = CYLINDRICAL_SURFACE('',#4765,0.15);
#4765 = AXIS2_PLACEMENT_3D('',#4766,#4767,#4768);
#4766 = CARTESIAN_POINT('',(53.52,-23.46,-3.6E-02));
#4767 = DIRECTION('',(-0.,0.,-1.));
#4768 = DIRECTION('',(4.736951571734E-14,-1.,-0.));
#4769 = ADVANCED_FACE('',(#4770),#4781,.F.);
#4770 = FACE_BOUND('',#4771,.T.);
#4771 = EDGE_LOOP('',(#4772,#4773,#4779,#4780));
#4772 = ORIENTED_EDGE('',*,*,#1264,.T.);
#4773 = ORIENTED_EDGE('',*,*,#4774,.T.);
#4774 = EDGE_CURVE('',#1265,#2656,#4775,.T.);
#4775 = LINE('',#4776,#4777);
#4776 = CARTESIAN_POINT('',(51.5,-21.43,-3.6E-02));
#4777 = VECTOR('',#4778,1.);
#4778 = DIRECTION('',(0.,0.,1.));
#4779 = ORIENTED_EDGE('',*,*,#2655,.F.);
#4780 = ORIENTED_EDGE('',*,*,#4774,.F.);
#4781 = CYLINDRICAL_SURFACE('',#4782,0.15);
#4782 = AXIS2_PLACEMENT_3D('',#4783,#4784,#4785);
#4783 = CARTESIAN_POINT('',(51.5,-21.28,-3.6E-02));
#4784 = DIRECTION('',(-0.,-0.,-1.));
#4785 = DIRECTION('',(-0.,-1.,0.));
#4786 = ADVANCED_FACE('',(#4787),#4798,.F.);
#4787 = FACE_BOUND('',#4788,.T.);
#4788 = EDGE_LOOP('',(#4789,#4790,#4796,#4797));
#4789 = ORIENTED_EDGE('',*,*,#1275,.T.);
#4790 = ORIENTED_EDGE('',*,*,#4791,.T.);
#4791 = EDGE_CURVE('',#1276,#2667,#4792,.T.);
#4792 = LINE('',#4793,#4794);
#4793 = CARTESIAN_POINT('',(60.52,-19.44,-3.6E-02));
#4794 = VECTOR('',#4795,1.);
#4795 = DIRECTION('',(0.,0.,1.));
#4796 = ORIENTED_EDGE('',*,*,#2666,.F.);
#4797 = ORIENTED_EDGE('',*,*,#4791,.F.);
#4798 = CYLINDRICAL_SURFACE('',#4799,0.15);
#4799 = AXIS2_PLACEMENT_3D('',#4800,#4801,#4802);
#4800 = CARTESIAN_POINT('',(60.52,-19.29,-3.6E-02));
#4801 = DIRECTION('',(-0.,0.,-1.));
#4802 = DIRECTION('',(4.736951571734E-14,-1.,-0.));
#4803 = ADVANCED_FACE('',(#4804),#4815,.F.);
#4804 = FACE_BOUND('',#4805,.T.);
#4805 = EDGE_LOOP('',(#4806,#4807,#4813,#4814));
#4806 = ORIENTED_EDGE('',*,*,#1286,.T.);
#4807 = ORIENTED_EDGE('',*,*,#4808,.T.);
#4808 = EDGE_CURVE('',#1287,#2678,#4809,.T.);
#4809 = LINE('',#4810,#4811);
#4810 = CARTESIAN_POINT('',(51.57,-15.26,-3.6E-02));
#4811 = VECTOR('',#4812,1.);
#4812 = DIRECTION('',(0.,0.,1.));
#4813 = ORIENTED_EDGE('',*,*,#2677,.F.);
#4814 = ORIENTED_EDGE('',*,*,#4808,.F.);
#4815 = CYLINDRICAL_SURFACE('',#4816,0.15);
#4816 = AXIS2_PLACEMENT_3D('',#4817,#4818,#4819);
#4817 = CARTESIAN_POINT('',(51.57,-15.11,-3.6E-02));
#4818 = DIRECTION('',(-0.,-0.,-1.));
#4819 = DIRECTION('',(-0.,-1.,0.));
#4820 = ADVANCED_FACE('',(#4821),#4832,.F.);
#4821 = FACE_BOUND('',#4822,.T.);
#4822 = EDGE_LOOP('',(#4823,#4824,#4830,#4831));
#4823 = ORIENTED_EDGE('',*,*,#1297,.T.);
#4824 = ORIENTED_EDGE('',*,*,#4825,.T.);
#4825 = EDGE_CURVE('',#1298,#2689,#4826,.T.);
#4826 = LINE('',#4827,#4828);
#4827 = CARTESIAN_POINT('',(49.4,-5.,-4.6E-02));
#4828 = VECTOR('',#4829,1.);
#4829 = DIRECTION('',(0.,0.,1.));
#4830 = ORIENTED_EDGE('',*,*,#2688,.F.);
#4831 = ORIENTED_EDGE('',*,*,#4825,.F.);
#4832 = CYLINDRICAL_SURFACE('',#4833,0.5);
#4833 = AXIS2_PLACEMENT_3D('',#4834,#4835,#4836);
#4834 = CARTESIAN_POINT('',(49.4,-4.5,-4.6E-02));
#4835 = DIRECTION('',(-0.,-0.,-1.));
#4836 = DIRECTION('',(-0.,-1.,0.));
#4837 = ADVANCED_FACE('',(#4838),#4849,.F.);
#4838 = FACE_BOUND('',#4839,.T.);
#4839 = EDGE_LOOP('',(#4840,#4841,#4847,#4848));
#4840 = ORIENTED_EDGE('',*,*,#1308,.T.);
#4841 = ORIENTED_EDGE('',*,*,#4842,.T.);
#4842 = EDGE_CURVE('',#1309,#2700,#4843,.T.);
#4843 = LINE('',#4844,#4845);
#4844 = CARTESIAN_POINT('',(51.94,-5.,-4.6E-02));
#4845 = VECTOR('',#4846,1.);
#4846 = DIRECTION('',(0.,0.,1.));
#4847 = ORIENTED_EDGE('',*,*,#2699,.F.);
#4848 = ORIENTED_EDGE('',*,*,#4842,.F.);
#4849 = CYLINDRICAL_SURFACE('',#4850,0.5);
#4850 = AXIS2_PLACEMENT_3D('',#4851,#4852,#4853);
#4851 = CARTESIAN_POINT('',(51.94,-4.5,-4.6E-02));
#4852 = DIRECTION('',(-0.,-0.,-1.));
#4853 = DIRECTION('',(-0.,-1.,0.));
#4854 = ADVANCED_FACE('',(#4855),#4866,.F.);
#4855 = FACE_BOUND('',#4856,.T.);
#4856 = EDGE_LOOP('',(#4857,#4858,#4864,#4865));
#4857 = ORIENTED_EDGE('',*,*,#1319,.T.);
#4858 = ORIENTED_EDGE('',*,*,#4859,.T.);
#4859 = EDGE_CURVE('',#1320,#2711,#4860,.T.);
#4860 = LINE('',#4861,#4862);
#4861 = CARTESIAN_POINT('',(49.4,-2.46,-4.6E-02));
#4862 = VECTOR('',#4863,1.);
#4863 = DIRECTION('',(0.,0.,1.));
#4864 = ORIENTED_EDGE('',*,*,#2710,.F.);
#4865 = ORIENTED_EDGE('',*,*,#4859,.F.);
#4866 = CYLINDRICAL_SURFACE('',#4867,0.5);
#4867 = AXIS2_PLACEMENT_3D('',#4868,#4869,#4870);
#4868 = CARTESIAN_POINT('',(49.4,-1.96,-4.6E-02));
#4869 = DIRECTION('',(-0.,-0.,-1.));
#4870 = DIRECTION('',(-0.,-1.,0.));
#4871 = ADVANCED_FACE('',(#4872),#4883,.F.);
#4872 = FACE_BOUND('',#4873,.T.);
#4873 = EDGE_LOOP('',(#4874,#4875,#4881,#4882));
#4874 = ORIENTED_EDGE('',*,*,#1330,.T.);
#4875 = ORIENTED_EDGE('',*,*,#4876,.T.);
#4876 = EDGE_CURVE('',#1331,#2722,#4877,.T.);
#4877 = LINE('',#4878,#4879);
#4878 = CARTESIAN_POINT('',(51.94,-2.46,-4.6E-02));
#4879 = VECTOR('',#4880,1.);
#4880 = DIRECTION('',(0.,0.,1.));
#4881 = ORIENTED_EDGE('',*,*,#2721,.F.);
#4882 = ORIENTED_EDGE('',*,*,#4876,.F.);
#4883 = CYLINDRICAL_SURFACE('',#4884,0.5);
#4884 = AXIS2_PLACEMENT_3D('',#4885,#4886,#4887);
#4885 = CARTESIAN_POINT('',(51.94,-1.96,-4.6E-02));
#4886 = DIRECTION('',(-0.,-0.,-1.));
#4887 = DIRECTION('',(-0.,-1.,0.));
#4888 = ADVANCED_FACE('',(#4889),#4900,.F.);
#4889 = FACE_BOUND('',#4890,.T.);
#4890 = EDGE_LOOP('',(#4891,#4892,#4898,#4899));
#4891 = ORIENTED_EDGE('',*,*,#1341,.T.);
#4892 = ORIENTED_EDGE('',*,*,#4893,.T.);
#4893 = EDGE_CURVE('',#1342,#2733,#4894,.T.);
#4894 = LINE('',#4895,#4896);
#4895 = CARTESIAN_POINT('',(54.48,-5.,-4.6E-02));
#4896 = VECTOR('',#4897,1.);
#4897 = DIRECTION('',(0.,0.,1.));
#4898 = ORIENTED_EDGE('',*,*,#2732,.F.);
#4899 = ORIENTED_EDGE('',*,*,#4893,.F.);
#4900 = CYLINDRICAL_SURFACE('',#4901,0.5);
#4901 = AXIS2_PLACEMENT_3D('',#4902,#4903,#4904);
#4902 = CARTESIAN_POINT('',(54.48,-4.5,-4.6E-02));
#4903 = DIRECTION('',(-0.,-0.,-1.));
#4904 = DIRECTION('',(-0.,-1.,0.));
#4905 = ADVANCED_FACE('',(#4906),#4917,.F.);
#4906 = FACE_BOUND('',#4907,.T.);
#4907 = EDGE_LOOP('',(#4908,#4909,#4915,#4916));
#4908 = ORIENTED_EDGE('',*,*,#1352,.T.);
#4909 = ORIENTED_EDGE('',*,*,#4910,.T.);
#4910 = EDGE_CURVE('',#1353,#2744,#4911,.T.);
#4911 = LINE('',#4912,#4913);
#4912 = CARTESIAN_POINT('',(57.02,-5.,-4.6E-02));
#4913 = VECTOR('',#4914,1.);
#4914 = DIRECTION('',(0.,0.,1.));
#4915 = ORIENTED_EDGE('',*,*,#2743,.F.);
#4916 = ORIENTED_EDGE('',*,*,#4910,.F.);
#4917 = CYLINDRICAL_SURFACE('',#4918,0.5);
#4918 = AXIS2_PLACEMENT_3D('',#4919,#4920,#4921);
#4919 = CARTESIAN_POINT('',(57.02,-4.5,-4.6E-02));
#4920 = DIRECTION('',(-0.,-0.,-1.));
#4921 = DIRECTION('',(-0.,-1.,0.));
#4922 = ADVANCED_FACE('',(#4923),#4934,.F.);
#4923 = FACE_BOUND('',#4924,.T.);
#4924 = EDGE_LOOP('',(#4925,#4926,#4932,#4933));
#4925 = ORIENTED_EDGE('',*,*,#1363,.T.);
#4926 = ORIENTED_EDGE('',*,*,#4927,.T.);
#4927 = EDGE_CURVE('',#1364,#2755,#4928,.T.);
#4928 = LINE('',#4929,#4930);
#4929 = CARTESIAN_POINT('',(59.56,-5.,-4.6E-02));
#4930 = VECTOR('',#4931,1.);
#4931 = DIRECTION('',(0.,0.,1.));
#4932 = ORIENTED_EDGE('',*,*,#2754,.F.);
#4933 = ORIENTED_EDGE('',*,*,#4927,.F.);
#4934 = CYLINDRICAL_SURFACE('',#4935,0.5);
#4935 = AXIS2_PLACEMENT_3D('',#4936,#4937,#4938);
#4936 = CARTESIAN_POINT('',(59.56,-4.5,-4.6E-02));
#4937 = DIRECTION('',(-0.,-0.,-1.));
#4938 = DIRECTION('',(-0.,-1.,0.));
#4939 = ADVANCED_FACE('',(#4940),#4951,.F.);
#4940 = FACE_BOUND('',#4941,.T.);
#4941 = EDGE_LOOP('',(#4942,#4943,#4949,#4950));
#4942 = ORIENTED_EDGE('',*,*,#1374,.T.);
#4943 = ORIENTED_EDGE('',*,*,#4944,.T.);
#4944 = EDGE_CURVE('',#1375,#2766,#4945,.T.);
#4945 = LINE('',#4946,#4947);
#4946 = CARTESIAN_POINT('',(54.48,-2.46,-4.6E-02));
#4947 = VECTOR('',#4948,1.);
#4948 = DIRECTION('',(0.,0.,1.));
#4949 = ORIENTED_EDGE('',*,*,#2765,.F.);
#4950 = ORIENTED_EDGE('',*,*,#4944,.F.);
#4951 = CYLINDRICAL_SURFACE('',#4952,0.5);
#4952 = AXIS2_PLACEMENT_3D('',#4953,#4954,#4955);
#4953 = CARTESIAN_POINT('',(54.48,-1.96,-4.6E-02));
#4954 = DIRECTION('',(-0.,-0.,-1.));
#4955 = DIRECTION('',(-0.,-1.,0.));
#4956 = ADVANCED_FACE('',(#4957),#4968,.F.);
#4957 = FACE_BOUND('',#4958,.T.);
#4958 = EDGE_LOOP('',(#4959,#4960,#4966,#4967));
#4959 = ORIENTED_EDGE('',*,*,#1385,.T.);
#4960 = ORIENTED_EDGE('',*,*,#4961,.T.);
#4961 = EDGE_CURVE('',#1386,#2777,#4962,.T.);
#4962 = LINE('',#4963,#4964);
#4963 = CARTESIAN_POINT('',(57.02,-2.46,-4.6E-02));
#4964 = VECTOR('',#4965,1.);
#4965 = DIRECTION('',(0.,0.,1.));
#4966 = ORIENTED_EDGE('',*,*,#2776,.F.);
#4967 = ORIENTED_EDGE('',*,*,#4961,.F.);
#4968 = CYLINDRICAL_SURFACE('',#4969,0.5);
#4969 = AXIS2_PLACEMENT_3D('',#4970,#4971,#4972);
#4970 = CARTESIAN_POINT('',(57.02,-1.96,-4.6E-02));
#4971 = DIRECTION('',(-0.,-0.,-1.));
#4972 = DIRECTION('',(-0.,-1.,0.));
#4973 = ADVANCED_FACE('',(#4974),#4985,.F.);
#4974 = FACE_BOUND('',#4975,.T.);
#4975 = EDGE_LOOP('',(#4976,#4977,#4983,#4984));
#4976 = ORIENTED_EDGE('',*,*,#1396,.T.);
#4977 = ORIENTED_EDGE('',*,*,#4978,.T.);
#4978 = EDGE_CURVE('',#1397,#2788,#4979,.T.);
#4979 = LINE('',#4980,#4981);
#4980 = CARTESIAN_POINT('',(59.56,-2.46,-4.6E-02));
#4981 = VECTOR('',#4982,1.);
#4982 = DIRECTION('',(0.,0.,1.));
#4983 = ORIENTED_EDGE('',*,*,#2787,.F.);
#4984 = ORIENTED_EDGE('',*,*,#4978,.F.);
#4985 = CYLINDRICAL_SURFACE('',#4986,0.5);
#4986 = AXIS2_PLACEMENT_3D('',#4987,#4988,#4989);
#4987 = CARTESIAN_POINT('',(59.56,-1.96,-4.6E-02));
#4988 = DIRECTION('',(-0.,-0.,-1.));
#4989 = DIRECTION('',(-0.,-1.,0.));
#4990 = ADVANCED_FACE('',(#4991),#5002,.F.);
#4991 = FACE_BOUND('',#4992,.T.);
#4992 = EDGE_LOOP('',(#4993,#4994,#5000,#5001));
#4993 = ORIENTED_EDGE('',*,*,#1407,.T.);
#4994 = ORIENTED_EDGE('',*,*,#4995,.T.);
#4995 = EDGE_CURVE('',#1408,#2799,#4996,.T.);
#4996 = LINE('',#4997,#4998);
#4997 = CARTESIAN_POINT('',(62.1,-5.,-4.6E-02));
#4998 = VECTOR('',#4999,1.);
#4999 = DIRECTION('',(0.,0.,1.));
#5000 = ORIENTED_EDGE('',*,*,#2798,.F.);
#5001 = ORIENTED_EDGE('',*,*,#4995,.F.);
#5002 = CYLINDRICAL_SURFACE('',#5003,0.5);
#5003 = AXIS2_PLACEMENT_3D('',#5004,#5005,#5006);
#5004 = CARTESIAN_POINT('',(62.1,-4.5,-4.6E-02));
#5005 = DIRECTION('',(-0.,-0.,-1.));
#5006 = DIRECTION('',(-0.,-1.,0.));
#5007 = ADVANCED_FACE('',(#5008),#5019,.F.);
#5008 = FACE_BOUND('',#5009,.T.);
#5009 = EDGE_LOOP('',(#5010,#5011,#5017,#5018));
#5010 = ORIENTED_EDGE('',*,*,#1418,.T.);
#5011 = ORIENTED_EDGE('',*,*,#5012,.T.);
#5012 = EDGE_CURVE('',#1419,#2810,#5013,.T.);
#5013 = LINE('',#5014,#5015);
#5014 = CARTESIAN_POINT('',(64.64,-5.,-4.6E-02));
#5015 = VECTOR('',#5016,1.);
#5016 = DIRECTION('',(0.,0.,1.));
#5017 = ORIENTED_EDGE('',*,*,#2809,.F.);
#5018 = ORIENTED_EDGE('',*,*,#5012,.F.);
#5019 = CYLINDRICAL_SURFACE('',#5020,0.5);
#5020 = AXIS2_PLACEMENT_3D('',#5021,#5022,#5023);
#5021 = CARTESIAN_POINT('',(64.64,-4.5,-4.6E-02));
#5022 = DIRECTION('',(-0.,-0.,-1.));
#5023 = DIRECTION('',(-0.,-1.,0.));
#5024 = ADVANCED_FACE('',(#5025),#5036,.F.);
#5025 = FACE_BOUND('',#5026,.T.);
#5026 = EDGE_LOOP('',(#5027,#5028,#5034,#5035));
#5027 = ORIENTED_EDGE('',*,*,#1429,.T.);
#5028 = ORIENTED_EDGE('',*,*,#5029,.T.);
#5029 = EDGE_CURVE('',#1430,#2821,#5030,.T.);
#5030 = LINE('',#5031,#5032);
#5031 = CARTESIAN_POINT('',(62.1,-2.46,-4.6E-02));
#5032 = VECTOR('',#5033,1.);
#5033 = DIRECTION('',(0.,0.,1.));
#5034 = ORIENTED_EDGE('',*,*,#2820,.F.);
#5035 = ORIENTED_EDGE('',*,*,#5029,.F.);
#5036 = CYLINDRICAL_SURFACE('',#5037,0.5);
#5037 = AXIS2_PLACEMENT_3D('',#5038,#5039,#5040);
#5038 = CARTESIAN_POINT('',(62.1,-1.96,-4.6E-02));
#5039 = DIRECTION('',(-0.,-0.,-1.));
#5040 = DIRECTION('',(-0.,-1.,0.));
#5041 = ADVANCED_FACE('',(#5042),#5053,.F.);
#5042 = FACE_BOUND('',#5043,.T.);
#5043 = EDGE_LOOP('',(#5044,#5045,#5051,#5052));
#5044 = ORIENTED_EDGE('',*,*,#1440,.T.);
#5045 = ORIENTED_EDGE('',*,*,#5046,.T.);
#5046 = EDGE_CURVE('',#1441,#2832,#5047,.T.);
#5047 = LINE('',#5048,#5049);
#5048 = CARTESIAN_POINT('',(64.64,-2.46,-4.6E-02));
#5049 = VECTOR('',#5050,1.);
#5050 = DIRECTION('',(0.,0.,1.));
#5051 = ORIENTED_EDGE('',*,*,#2831,.F.);
#5052 = ORIENTED_EDGE('',*,*,#5046,.F.);
#5053 = CYLINDRICAL_SURFACE('',#5054,0.5);
#5054 = AXIS2_PLACEMENT_3D('',#5055,#5056,#5057);
#5055 = CARTESIAN_POINT('',(64.64,-1.96,-4.6E-02));
#5056 = DIRECTION('',(-0.,-0.,-1.));
#5057 = DIRECTION('',(-0.,-1.,0.));
#5058 = ADVANCED_FACE('',(#5059),#5070,.F.);
#5059 = FACE_BOUND('',#5060,.T.);
#5060 = EDGE_LOOP('',(#5061,#5062,#5068,#5069));
#5061 = ORIENTED_EDGE('',*,*,#1451,.T.);
#5062 = ORIENTED_EDGE('',*,*,#5063,.T.);
#5063 = EDGE_CURVE('',#1452,#2843,#5064,.T.);
#5064 = LINE('',#5065,#5066);
#5065 = CARTESIAN_POINT('',(67.18,-5.,-4.6E-02));
#5066 = VECTOR('',#5067,1.);
#5067 = DIRECTION('',(0.,0.,1.));
#5068 = ORIENTED_EDGE('',*,*,#2842,.F.);
#5069 = ORIENTED_EDGE('',*,*,#5063,.F.);
#5070 = CYLINDRICAL_SURFACE('',#5071,0.5);
#5071 = AXIS2_PLACEMENT_3D('',#5072,#5073,#5074);
#5072 = CARTESIAN_POINT('',(67.18,-4.5,-4.6E-02));
#5073 = DIRECTION('',(-0.,-0.,-1.));
#5074 = DIRECTION('',(-0.,-1.,0.));
#5075 = ADVANCED_FACE('',(#5076),#5087,.F.);
#5076 = FACE_BOUND('',#5077,.T.);
#5077 = EDGE_LOOP('',(#5078,#5079,#5085,#5086));
#5078 = ORIENTED_EDGE('',*,*,#1462,.T.);
#5079 = ORIENTED_EDGE('',*,*,#5080,.T.);
#5080 = EDGE_CURVE('',#1463,#2854,#5081,.T.);
#5081 = LINE('',#5082,#5083);
#5082 = CARTESIAN_POINT('',(69.72,-5.,-4.6E-02));
#5083 = VECTOR('',#5084,1.);
#5084 = DIRECTION('',(0.,0.,1.));
#5085 = ORIENTED_EDGE('',*,*,#2853,.F.);
#5086 = ORIENTED_EDGE('',*,*,#5080,.F.);
#5087 = CYLINDRICAL_SURFACE('',#5088,0.5);
#5088 = AXIS2_PLACEMENT_3D('',#5089,#5090,#5091);
#5089 = CARTESIAN_POINT('',(69.72,-4.5,-4.6E-02));
#5090 = DIRECTION('',(-0.,-0.,-1.));
#5091 = DIRECTION('',(-0.,-1.,0.));
#5092 = ADVANCED_FACE('',(#5093),#5104,.F.);
#5093 = FACE_BOUND('',#5094,.T.);
#5094 = EDGE_LOOP('',(#5095,#5096,#5102,#5103));
#5095 = ORIENTED_EDGE('',*,*,#1473,.T.);
#5096 = ORIENTED_EDGE('',*,*,#5097,.T.);
#5097 = EDGE_CURVE('',#1474,#2865,#5098,.T.);
#5098 = LINE('',#5099,#5100);
#5099 = CARTESIAN_POINT('',(67.18,-2.46,-4.6E-02));
#5100 = VECTOR('',#5101,1.);
#5101 = DIRECTION('',(0.,0.,1.));
#5102 = ORIENTED_EDGE('',*,*,#2864,.F.);
#5103 = ORIENTED_EDGE('',*,*,#5097,.F.);
#5104 = CYLINDRICAL_SURFACE('',#5105,0.5);
#5105 = AXIS2_PLACEMENT_3D('',#5106,#5107,#5108);
#5106 = CARTESIAN_POINT('',(67.18,-1.96,-4.6E-02));
#5107 = DIRECTION('',(-0.,-0.,-1.));
#5108 = DIRECTION('',(-0.,-1.,0.));
#5109 = ADVANCED_FACE('',(#5110),#5121,.F.);
#5110 = FACE_BOUND('',#5111,.T.);
#5111 = EDGE_LOOP('',(#5112,#5113,#5119,#5120));
#5112 = ORIENTED_EDGE('',*,*,#1484,.T.);
#5113 = ORIENTED_EDGE('',*,*,#5114,.T.);
#5114 = EDGE_CURVE('',#1485,#2876,#5115,.T.);
#5115 = LINE('',#5116,#5117);
#5116 = CARTESIAN_POINT('',(69.72,-2.46,-4.6E-02));
#5117 = VECTOR('',#5118,1.);
#5118 = DIRECTION('',(0.,0.,1.));
#5119 = ORIENTED_EDGE('',*,*,#2875,.F.);
#5120 = ORIENTED_EDGE('',*,*,#5114,.F.);
#5121 = CYLINDRICAL_SURFACE('',#5122,0.5);
#5122 = AXIS2_PLACEMENT_3D('',#5123,#5124,#5125);
#5123 = CARTESIAN_POINT('',(69.72,-1.96,-4.6E-02));
#5124 = DIRECTION('',(-0.,-0.,-1.));
#5125 = DIRECTION('',(-0.,-1.,0.));
#5126 = ADVANCED_FACE('',(#5127),#5138,.F.);
#5127 = FACE_BOUND('',#5128,.T.);
#5128 = EDGE_LOOP('',(#5129,#5130,#5136,#5137));
#5129 = ORIENTED_EDGE('',*,*,#1495,.T.);
#5130 = ORIENTED_EDGE('',*,*,#5131,.T.);
#5131 = EDGE_CURVE('',#1496,#2887,#5132,.T.);
#5132 = LINE('',#5133,#5134);
#5133 = CARTESIAN_POINT('',(72.26,-5.,-4.6E-02));
#5134 = VECTOR('',#5135,1.);
#5135 = DIRECTION('',(0.,0.,1.));
#5136 = ORIENTED_EDGE('',*,*,#2886,.F.);
#5137 = ORIENTED_EDGE('',*,*,#5131,.F.);
#5138 = CYLINDRICAL_SURFACE('',#5139,0.5);
#5139 = AXIS2_PLACEMENT_3D('',#5140,#5141,#5142);
#5140 = CARTESIAN_POINT('',(72.26,-4.5,-4.6E-02));
#5141 = DIRECTION('',(-0.,-0.,-1.));
#5142 = DIRECTION('',(-0.,-1.,0.));
#5143 = ADVANCED_FACE('',(#5144),#5155,.F.);
#5144 = FACE_BOUND('',#5145,.T.);
#5145 = EDGE_LOOP('',(#5146,#5147,#5153,#5154));
#5146 = ORIENTED_EDGE('',*,*,#1506,.T.);
#5147 = ORIENTED_EDGE('',*,*,#5148,.T.);
#5148 = EDGE_CURVE('',#1507,#2898,#5149,.T.);
#5149 = LINE('',#5150,#5151);
#5150 = CARTESIAN_POINT('',(72.26,-2.46,-4.6E-02));
#5151 = VECTOR('',#5152,1.);
#5152 = DIRECTION('',(0.,0.,1.));
#5153 = ORIENTED_EDGE('',*,*,#2897,.F.);
#5154 = ORIENTED_EDGE('',*,*,#5148,.F.);
#5155 = CYLINDRICAL_SURFACE('',#5156,0.5);
#5156 = AXIS2_PLACEMENT_3D('',#5157,#5158,#5159);
#5157 = CARTESIAN_POINT('',(72.26,-1.96,-4.6E-02));
#5158 = DIRECTION('',(-0.,-0.,-1.));
#5159 = DIRECTION('',(-0.,-1.,0.));
#5160 = ADVANCED_FACE('',(#5161),#5172,.F.);
#5161 = FACE_BOUND('',#5162,.T.);
#5162 = EDGE_LOOP('',(#5163,#5164,#5170,#5171));
#5163 = ORIENTED_EDGE('',*,*,#1517,.T.);
#5164 = ORIENTED_EDGE('',*,*,#5165,.T.);
#5165 = EDGE_CURVE('',#1518,#2909,#5166,.T.);
#5166 = LINE('',#5167,#5168);
#5167 = CARTESIAN_POINT('',(94.,-5.,-4.6E-02));
#5168 = VECTOR('',#5169,1.);
#5169 = DIRECTION('',(0.,0.,1.));
#5170 = ORIENTED_EDGE('',*,*,#2908,.F.);
#5171 = ORIENTED_EDGE('',*,*,#5165,.F.);
#5172 = CYLINDRICAL_SURFACE('',#5173,2.);
#5173 = AXIS2_PLACEMENT_3D('',#5174,#5175,#5176);
#5174 = CARTESIAN_POINT('',(94.,-3.,-4.6E-02));
#5175 = DIRECTION('',(-0.,-0.,-1.));
#5176 = DIRECTION('',(-0.,-1.,0.));
#5177 = ( GEOMETRIC_REPRESENTATION_CONTEXT(3) 
GLOBAL_UNCERTAINTY_ASSIGNED_CONTEXT((#5181)) 
GLOBAL_UNIT_ASSIGNED_CONTEXT((#5178,#5179,#5180)) REPRESENTATION_CONTEXT
('Context #1','3D Context with UNIT and UNCERTAINTY') );
#5178 = ( LENGTH_UNIT() NAMED_UNIT(*) SI_UNIT(.MILLI.,.METRE.) );
#5179 = ( NAMED_UNIT(*) PLANE_ANGLE_UNIT() SI_UNIT($,.RADIAN.) );
#5180 = ( NAMED_UNIT(*) SI_UNIT($,.STERADIAN.) SOLID_ANGLE_UNIT() );
#5181 = UNCERTAINTY_MEASURE_WITH_UNIT(LENGTH_MEASURE(1.E-07),#5178,
  'distance_accuracy_value','confusion accuracy');
#5182 = CONTEXT_DEPENDENT_SHAPE_REPRESENTATION(#5183,#5185);
#5183 = ( REPRESENTATION_RELATIONSHIP('','',#32,#10) 
REPRESENTATION_RELATIONSHIP_WITH_TRANSFORMATION(#5184) 
SHAPE_REPRESENTATION_RELATIONSHIP() );
#5184 = ITEM_DEFINED_TRANSFORMATION('','',#11,#15);
#5185 = PRODUCT_DEFINITION_SHAPE('Placement','Placement of an item',
  #5186);
#5186 = NEXT_ASSEMBLY_USAGE_OCCURRENCE('1','=>[0:1:1:2]','',#5,#27,$);
#5187 = PRODUCT_RELATED_PRODUCT_CATEGORY('part',$,(#29));
#5188 = MECHANICAL_DESIGN_GEOMETRIC_PRESENTATION_REPRESENTATION('',(
    #5189),#5177);
#5189 = STYLED_ITEM('color',(#5190),#33);
#5190 = PRESENTATION_STYLE_ASSIGNMENT((#5191));
#5191 = SURFACE_STYLE_USAGE(.BOTH.,#5192);
#5192 = SURFACE_SIDE_STYLE('',(#5193));
#5193 = SURFACE_STYLE_FILL_AREA(#5194);
#5194 = FILL_AREA_STYLE('',(#5195));
#5195 = FILL_AREA_STYLE_COLOUR('',#5196);
#5196 = COLOUR_RGB('',0.313304153717,0.484529207832,0.410020903123);
ENDSEC;
END-ISO-10303-21;
